facilitiesid,hotelid
4,1
5,1
6,1
7,1
8,1
9,1
12,1
1,2
4,2
5,2
6,2
7,2
8,2
9,2
12,2
1,3
2,3
4,3
5,3
6,3
7,3
8,3
9,3
12,3
1,4
2,4
3,4
4,4
5,4
6,4
7,4
8,4
9,4
10,4
11,4
12,4
13,4
1,5
2,5
4,5
5,5
6,5
7,5
8,5
9,5
11,5
12,5
13,5
3,6
4,6
5,6
7,6
8,6
9,6
1,7
2,7
4,7
5,7
6,7
7,7
8,7
9,7
11,7
12,7
13,7
2,8
4,8
5,8
6,8
7,8
8,8
9,8
1,9
2,9
4,9
5,9
6,9
7,9
9,9
13,9
2,10
3,10
4,10
5,10
6,10
7,10
8,10
9,10
11,10
12,10
2,11
4,11
5,11
6,11
7,11
8,11
9,11
11,11
12,11
2,12
4,12
5,12
7,12
8,12
9,12
2,13
4,13
5,13
6,13
7,13
8,13
9,13
11,13
12,13
2,14
4,14
5,14
6,14
7,14
8,14
9,14
11,14
12,14
2,15
4,15
5,15
6,15
7,15
8,15
9,15
12,15
2,16
4,16
5,16
6,16
7,16
8,16
9,16
11,16
12,16
2,17
4,17
5,17
6,17
7,17
8,17
9,17
12,17
1,18
2,18
3,18
4,18
5,18
6,18
7,18
9,18
10,18
12,18
1,19
2,19
4,19
5,19
6,19
7,19
8,19
9,19
10,19
11,19
12,19
2,20
4,20
5,20
6,20
7,20
8,20
9,20
11,20
1,21
2,21
4,21
5,21
6,21
8,21
11,21
12,21
1,22
2,22
4,22
5,22
6,22
7,22
8,22
9,22
11,22
12,22
2,23
4,23
5,23
6,23
7,23
8,23
9,23
11,23
12,23
2,24
4,24
5,24
7,24
9,24
6,25
8,25
9,25
12,25
2,26
3,26
4,26
5,26
6,26
7,26
8,26
9,26
11,26
12,26
13,26
3,27
4,27
5,27
6,27
7,27
8,27
9,27
12,27
1,28
2,28
4,28
5,28
6,28
7,28
8,28
9,28
11,28
12,28
2,29
4,29
5,29
6,29
7,29
9,29
12,29
2,30
4,30
5,30
7,30
9,30
1,31
2,31
4,31
5,31
6,31
7,31
8,31
9,31
2,32
4,32
5,32
6,32
7,32
8,32
9,32
11,32
12,32
1,33
2,33
3,33
4,33
5,33
6,33
7,33
8,33
9,33
11,33
12,33
13,33
2,34
4,34
5,34
7,34
9,34
2,35
4,35
5,35
7,35
9,35
1,36
2,36
3,36
4,36
5,36
6,36
7,36
8,36
9,36
11,36
12,36
13,36
2,37
4,37
5,37
7,37
13,37
2,38
4,38
5,38
6,38
7,38
9,38
10,38
2,39
4,39
5,39
7,39
9,39
1,40
2,40
4,40
5,40
6,40
7,40
8,40
9,40
11,40
12,40
13,40
2,41
4,41
5,41
2,42
4,42
5,42
6,42
7,42
9,42
12,42
4,43
5,43
7,43
9,43
2,44
4,44
5,44
6,44
7,44
8,44
9,44
12,44
2,45
4,45
5,45
7,45
8,45
9,45
2,46
4,46
5,46
7,46
9,46
1,47
2,47
4,47
5,47
6,47
7,47
9,47
11,47
12,47
2,48
4,48
5,48
2,49
4,49
5,49
4,50
5,50
7,50
2,51
5,51
2,52
4,52
5,52
6,52
12,52
2,53
4,53
5,53
9,53
2,54
4,54
5,54
6,54
7,54
11,54
2,55
4,55
5,55
6,55
7,55
9,55
2,56
4,56
5,56
7,56
9,56
4,57
5,57
7,57
11,57
2,58
4,58
5,58
2,59
4,59
5,59
7,59
9,59
2,60
4,60
7,60
9,60
2,61
4,61
5,61
7,61
9,61
2,62
5,62
4,63
5,63
2,64
4,64
5,64
9,64
4,65
9,65
2,66
4,66
5,66
7,66
9,66
4,67
5,67
2,68
4,68
5,68
6,68
7,68
9,68
11,68
2,69
4,69
5,69
7,69
9,69
4,70
5,70
9,70
4,71
5,71
9,71
2,72
4,72
5,72
7,72
9,72
2,73
4,73
5,73
9,73
2,74
4,74
5,74
6,74
7,74
9,74
3,75
4,75
5,75
7,75
9,75
2,76
4,76
5,76
6,76
9,76
4,77
5,77
7,77
9,77
2,78
3,78
4,78
5,78
6,78
7,78
9,78
11,78
4,79
5,79
7,79
9,79
2,80
4,80
5,80
2,81
4,81
5,81
6,81
11,81
2,82
3,82
4,82
5,82
7,82
9,82
4,83
5,83
1,84
2,84
4,84
5,84
7,84
9,84
2,85
4,85
5,85
6,85
9,85
4,86
5,86
9,86
5,87
7,87
11,87
2,88
4,88
5,88
4,89
5,89
5,90
9,90
11,90
2,91
4,91
5,91
6,91
7,91
9,91
2,92
4,92
5,92
9,92
4,93
5,93
7,93
9,93
4,94
5,94
7,94
9,94
4,95
5,95
6,95
4,96
5,96
7,96
9,96
2,97
4,97
5,97
7,97
9,97
2,98
4,98
5,98
7,98
9,98
2,99
4,99
5,99
7,99
9,99
4,100
5,100
6,100
7,100
2,101
4,101
5,101
2,102
4,102
7,102
9,102
4,103
5,103
6,103
7,103
12,103
2,104
4,104
7,104
9,104
1,105
2,105
5,105
9,105
1,106
2,106
4,106
5,106
2,107
4,107
5,107
7,107
9,107
2,108
4,108
5,108
11,108
2,109
4,109
5,109
11,109
2,110
4,110
5,110
11,110
2,111
3,111
4,111
5,111
4,112
5,112
7,112
9,112
2,113
4,113
5,113
6,113
7,113
8,113
9,113
11,113
4,114
5,114
9,114
2,115
4,115
5,115
7,115
9,115
4,116
5,116
7,116
9,116
2,117
4,117
5,117
7,117
9,117
2,118
4,118
5,118
9,118
5,119
7,119
4,120
5,120
6,120
7,120
11,120
2,121
4,121
5,121
6,121
7,121
4,122
11,122
2,123
4,123
5,123
6,123
7,123
9,123
4,124
5,124
7,124
2,125
4,125
5,125
7,125
9,125
2,126
4,126
5,126
6,126
7,126
9,126
11,126
2,127
4,127
5,127
6,127
7,127
9,127
11,127
2,128
4,128
7,128
9,128
2,129
4,129
5,129
7,129
9,129
2,130
4,130
5,130
7,130
9,130
2,131
4,131
5,131
6,131
7,131
9,131
4,132
5,132
7,132
9,132
4,133
5,133
7,133
9,133
2,134
4,134
5,134
2,135
4,135
7,135
9,135
4,136
5,136
7,136
9,136
2,137
4,137
5,137
7,137
9,137
2,138
4,138
5,138
2,139
4,139
7,139
9,139
2,140
4,140
7,140
9,140
2,141
4,141
5,141
4,142
5,142
7,142
9,142
2,143
4,143
7,143
9,143
4,144
5,144
4,145
5,145
4,146
5,146
5,148
2,149
4,149
5,149
7,149
9,149
7,150
4,151
5,151
7,151
9,151
11,151
2,152
4,152
5,152
9,152
11,152
12,152
2,153
4,153
5,153
6,153
7,153
9,153
2,154
4,154
5,154
6,154
7,154
9,154
11,154
4,155
6,155
9,155
11,155
2,156
4,156
5,156
7,156
9,156
2,157
4,157
7,157
9,157
4,158
5,158
7,158
9,158
5,159
7,159
9,159
11,159
2,160
4,160
5,160
7,160
9,160
2,161
4,161
5,161
7,161
9,161
2,162
4,162
5,162
9,162
4,163
5,163
9,163
1,164
2,164
4,164
5,164
9,164
4,165
5,165
9,165
2,166
4,166
5,166
4,167
5,167
9,167
2,168
4,168
5,168
9,168
9,169
5,171
2,172
4,172
5,172
7,172
9,172
2,173
4,173
5,173
7,173
9,173
2,174
4,174
5,174
6,174
7,174
8,174
9,174
12,174
2,175
4,175
5,175
6,175
7,175
9,175
2,176
4,176
5,176
6,176
7,176
9,176
2,177
4,177
5,177
6,177
7,177
9,177
2,178
4,178
5,178
6,178
7,178
11,178
2,179
4,179
5,179
7,179
9,179
2,180
4,180
5,180
7,180
9,180
4,181
5,181
7,181
9,181
2,182
4,182
5,182
7,182
9,182
2,183
4,183
5,183
7,183
9,183
1,184
2,184
4,184
5,184
6,184
7,184
9,184
11,184
2,185
4,185
5,185
6,185
7,185
9,185
11,185
12,185
2,186
5,186
6,186
9,186
11,186
12,186
2,187
5,187
11,187
2,188
4,188
7,188
9,188
2,189
4,189
5,189
7,189
9,189
2,190
4,190
5,190
6,190
7,190
2,191
4,191
5,191
6,191
7,191
9,191
2,192
4,192
5,192
7,192
9,192
4,193
5,193
9,193
2,194
4,194
5,194
7,194
9,194
4,195
5,195
7,195
2,196
5,196
5,197
7,197
2,198
5,198
9,198
11,198
4,199
5,199
6,199
7,199
9,199
1,200
2,200
4,200
5,200
7,200
9,200
4,201
5,201
6,201
4,202
5,202
9,202
4,203
5,203
4,204
5,204
9,204
3,205
4,205
5,205
6,205
9,205
11,205
5,206
4,207
5,207
7,207
9,207
2,208
4,208
5,208
7,208
9,208
1,209
2,209
4,209
5,209
7,209
8,209
9,209
12,209
2,210
4,210
5,210
6,210
7,210
8,210
9,210
11,210
2,211
4,211
9,211
2,212
4,212
5,212
6,212
7,212
9,212
13,212
4,213
7,213
2,214
4,214
5,214
9,214
2,215
4,215
5,215
6,215
7,215
9,215
12,215
2,216
4,216
5,216
7,216
9,216
2,217
4,217
5,217
6,217
7,217
9,217
12,217
2,218
4,218
5,218
9,218
2,219
4,219
5,219
8,219
9,219
1,220
2,220
4,220
5,220
6,220
7,220
8,220
9,220
11,220
2,221
4,221
5,221
7,221
9,221
4,222
5,222
7,222
9,222
2,223
4,223
5,223
6,223
7,223
8,223
9,223
4,224
5,224
7,224
9,224
4,225
5,225
7,225
9,225
2,226
4,226
5,226
6,226
9,226
2,227
4,227
5,227
7,227
9,227
12,227
2,228
4,228
5,228
9,228
2,229
4,229
5,229
6,229
7,229
9,229
12,229
2,230
4,230
5,230
7,230
9,230
11,230
12,230
4,231
5,231
6,231
7,231
9,231
1,232
2,232
3,232
4,232
5,232
6,232
7,232
9,232
12,232
1,233
2,233
4,233
5,233
7,233
8,233
9,233
11,233
2,234
4,234
5,234
7,234
9,234
2,235
4,235
5,235
7,235
9,235
2,236
4,236
5,236
9,236
2,237
4,237
5,237
7,237
9,237
1,238
2,238
4,238
5,238
6,238
7,238
9,238
12,238
2,239
4,239
5,239
7,239
9,239
2,240
4,240
5,240
6,240
7,240
9,240
11,240
2,241
4,241
5,241
7,241
9,241
2,242
4,242
5,242
6,242
7,242
9,242
12,242
2,243
4,243
5,243
6,243
7,243
9,243
12,243
2,244
5,244
7,244
4,245
5,245
7,245
9,245
2,246
4,246
5,246
6,246
7,246
9,246
11,246
12,246
13,246
2,247
4,247
5,247
9,247
2,248
4,248
5,248
7,248
9,248
2,249
4,249
5,249
9,249
1,250
2,250
4,250
5,250
6,250
7,250
9,250
11,250
12,250
2,251
4,251
5,251
9,251
2,252
4,252
5,252
6,252
9,252
2,253
3,253
4,253
5,253
9,253
4,254
5,254
7,254
9,254
2,255
4,255
5,255
7,255
2,256
4,256
5,256
7,256
9,256
2,257
4,257
5,257
6,257
7,257
9,257
2,258
4,258
5,258
7,258
9,258
2,259
4,259
5,259
7,259
9,259
2,260
4,260
5,260
4,261
7,261
9,261
1,262
2,262
4,262
5,262
7,262
2,263
4,263
5,263
7,263
9,263
4,264
5,264
9,264
2,265
4,265
5,265
7,265
9,265
2,266
4,266
5,266
7,266
9,266
5,267
7,267
4,268
5,268
7,268
9,268
2,269
4,269
7,269
2,270
3,270
4,270
5,270
6,270
7,270
9,270
12,270
2,271
4,271
5,271
7,271
2,272
5,272
7,272
9,272
2,273
4,273
7,273
9,273
4,274
5,274
7,274
9,274
4,275
5,275
7,275
9,275
2,276
4,276
5,276
7,276
9,276
4,277
5,277
7,277
9,277
2,278
3,278
4,278
5,278
6,278
7,278
9,278
12,278
3,279
4,279
5,279
7,279
9,279
7,280
2,281
4,281
5,281
7,281
9,281
2,282
4,282
5,282
7,282
9,282
3,283
4,283
5,283
7,283
4,284
5,284
9,284
2,285
3,285
4,285
5,285
7,285
11,285
3,286
4,286
5,286
4,287
5,287
7,287
9,287
10,287
12,287
2,288
4,288
5,288
7,288
9,288
4,289
5,289
9,289
2,290
4,290
5,290
7,290
9,290
2,291
4,291
7,291
9,291
2,292
4,292
5,292
7,292
9,292
12,292
4,293
5,293
7,293
9,293
2,294
4,294
5,294
7,294
1,295
2,295
4,295
5,295
9,295
2,296
3,296
4,296
5,296
6,296
7,296
8,296
9,296
12,296
13,296
4,297
5,297
7,297
9,297
10,297
4,298
5,298
6,298
7,298
8,298
2,299
4,299
5,299
7,299
9,299
2,300
4,300
7,300
9,300
4,301
5,301
6,301
7,301
9,301
4,302
5,302
7,302
9,302
4,303
5,303
9,303
2,304
4,304
5,304
6,304
7,304
9,304
4,305
5,305
7,305
9,305
10,305
5,306
9,306
2,307
4,307
5,307
5,308
2,309
3,309
4,309
5,309
9,309
4,310
7,310
9,310
2,311
4,311
5,311
6,311
7,311
9,311
2,312
4,312
5,312
7,312
9,312
2,313
4,313
5,313
7,313
9,313
4,314
5,314
7,314
2,315
4,315
5,315
6,315
11,315
4,316
5,316
7,316
9,316
12,316
2,317
3,317
4,317
5,317
6,317
7,317
8,317
9,317
12,317
4,318
5,318
6,318
7,318
2,319
4,319
5,319
7,319
9,319
2,320
4,320
5,320
6,320
12,320
2,321
4,321
5,321
6,321
7,321
9,321
11,321
12,321
2,322
5,322
6,322
7,322
11,322
12,322
4,323
5,323
7,323
9,323
2,324
3,324
4,324
5,324
6,324
7,324
8,324
12,324
1,325
2,325
4,325
5,325
7,325
8,325
9,325
12,325
13,325
2,326
4,326
5,326
6,326
8,326
9,326
12,326
2,327
4,327
5,327
6,327
7,327
9,327
2,328
4,328
5,328
7,328
8,328
9,328
2,329
4,329
5,329
7,329
9,329
11,329
12,329
1,330
2,330
4,330
5,330
6,330
7,330
9,330
2,331
4,331
5,331
6,331
7,331
9,331
11,331
12,331
2,332
4,332
5,332
7,332
9,332
2,333
4,333
5,333
7,333
2,334
4,334
5,334
6,334
7,334
9,334
4,335
5,335
9,335
2,336
4,336
5,336
6,336
7,336
9,336
11,336
12,336
4,337
5,337
6,337
7,337
9,337
11,337
4,338
5,338
6,338
8,338
9,338
12,338
4,339
5,339
6,339
7,339
8,339
9,339
11,339
12,339
4,340
5,340
7,340
9,340
2,341
4,341
5,341
6,341
7,341
8,341
9,341
12,341
2,342
3,342
4,342
5,342
6,342
11,342
12,342
2,343
4,343
5,343
7,343
2,344
3,344
4,344
5,344
9,344
2,345
4,345
5,345
7,345
9,345
2,346
4,346
5,346
2,347
4,347
5,347
6,347
7,347
8,347
12,347
3,348
4,348
5,348
7,348
9,348
2,349
4,349
5,349
7,349
5,350
6,350
7,350
2,351
4,351
5,351
7,351
9,351
2,352
4,352
5,352
9,352
4,353
5,353
9,353
2,354
4,354
5,354
9,354
2,355
3,355
4,355
5,355
6,355
9,355
12,355
2,356
4,356
5,356
7,356
9,356
2,357
3,357
4,357
5,357
7,357
11,357
2,358
4,358
5,358
7,358
11,358
2,359
4,359
5,359
7,359
9,359
4,360
9,360
2,361
4,361
5,361
6,361
7,361
9,361
4,362
5,362
7,362
9,362
4,363
5,363
2,364
4,364
5,364
9,364
2,365
4,365
5,365
9,365
4,366
5,366
7,366
9,366
12,366
2,367
4,367
5,367
7,367
9,367
4,368
5,368
9,368
2,369
4,369
5,369
7,369
9,369
4,370
5,370
7,370
2,371
3,371
4,371
5,371
6,371
7,371
9,371
11,371
12,371
4,372
5,372
11,372
2,373
4,373
5,373
7,373
9,373
2,374
4,374
5,374
7,374
9,374
2,375
4,375
5,375
11,375
2,376
4,376
5,376
9,376
2,377
4,377
7,377
9,377
2,378
4,378
5,378
9,378
5,379
7,379
4,380
5,380
7,380
9,380
2,381
4,381
5,381
7,381
9,381
2,382
5,382
2,383
5,383
2,384
4,384
5,384
7,384
9,384
12,384
2,385
4,385
5,385
7,385
9,385
11,385
2,386
4,386
5,386
7,386
9,386
2,387
4,387
5,387
6,387
7,387
9,387
12,387
2,388
5,388
9,388
2,389
4,389
5,389
7,389
9,389
11,389
2,390
4,390
5,390
7,390
9,390
5,391
7,391
9,391
5,392
7,392
4,393
5,393
7,393
9,393
5,394
9,394
2,395
3,395
4,395
5,395
9,395
2,396
4,396
5,396
9,396
2,397
4,397
5,397
7,397
9,397
13,397
4,398
5,398
7,398
9,398
2,399
4,399
5,399
7,399
2,400
4,400
5,400
7,400
9,400
4,401
9,401
4,402
4,403
5,403
6,403
7,403
9,403
11,403
5,404
6,404
9,404
2,405
4,405
7,405
9,405
2,406
4,406
5,406
7,406
9,406
2,407
4,407
7,407
9,407
2,408
4,408
7,408
9,408
5,409
9,409
11,409
1,410
2,410
5,410
9,410
5,411
5,412
9,412
4,413
5,413
7,413
9,413
3,414
4,414
5,414
9,414
2,415
3,415
4,415
9,415
1,416
2,416
4,416
5,416
6,416
7,416
8,416
9,416
11,416
12,416
13,416
2,417
4,417
5,417
6,417
8,417
9,417
12,417
4,418
5,418
6,418
7,418
8,418
9,418
2,419
4,419
5,419
6,419
7,419
9,419
12,419
2,420
4,420
5,420
7,420
9,420
4,421
5,421
6,421
7,421
9,421
2,422
4,422
5,422
7,422
9,422
2,423
3,423
4,423
5,423
7,423
8,423
9,423
4,424
5,424
7,424
2,425
4,425
5,425
6,425
7,425
8,425
9,425
2,426
3,426
4,426
5,426
6,426
7,426
8,426
9,426
12,426
4,427
5,427
6,427
7,427
8,427
9,427
11,427
12,427
2,428
4,428
5,428
6,428
7,428
8,428
9,428
12,428
2,429
4,429
5,429
6,429
7,429
8,429
9,429
11,429
12,429
2,430
4,430
5,430
6,430
7,430
8,430
9,430
12,430
13,430
1,431
2,431
4,431
5,431
6,431
7,431
8,431
9,431
11,431
12,431
4,432
5,432
6,432
12,432
2,433
4,433
5,433
6,433
7,433
8,433
11,433
2,434
4,434
5,434
7,434
9,434
2,435
4,435
5,435
6,435
7,435
9,435
2,436
4,436
5,436
7,436
8,436
9,436
2,437
4,437
5,437
9,437
2,438
4,438
5,438
7,438
9,438
2,439
4,439
5,439
6,439
7,439
9,439
2,440
4,440
5,440
7,440
9,440
4,441
5,441
7,441
9,441
2,442
4,442
5,442
6,442
9,442
3,443
9,443
2,444
4,444
5,444
6,444
7,444
9,444
4,445
5,445
6,445
7,445
9,445
2,446
4,446
5,446
6,446
8,446
9,446
2,447
4,447
5,447
6,447
7,447
8,447
9,447
11,447
12,447
2,448
4,448
7,448
9,448
2,449
4,449
5,449
7,449
9,449
1,450
2,450
4,450
5,450
6,450
7,450
8,450
9,450
12,450
2,451
4,451
5,451
7,451
9,451
4,452
5,452
6,452
7,452
8,452
9,452
12,452
2,453
4,453
5,453
7,453
9,453
2,454
4,454
5,454
6,454
7,454
9,454
2,455
4,455
7,455
9,455
4,456
5,456
6,456
7,456
8,456
9,456
11,456
2,457
4,457
5,457
7,457
9,457
4,458
9,458
4,459
7,459
9,459
2,460
4,460
5,460
6,460
7,460
9,460
2,461
4,461
5,461
7,461
8,461
9,461
1,462
2,462
4,462
7,462
9,462
2,463
4,463
7,463
9,463
2,464
4,464
5,464
6,464
7,464
8,464
9,464
11,464
2,465
4,465
5,465
7,465
9,465
4,466
5,466
7,466
9,466
2,467
3,467
4,467
5,467
6,467
7,467
9,467
11,467
3,468
4,468
5,468
6,468
9,468
11,468
2,469
3,469
4,469
5,469
7,469
9,469
4,470
5,470
7,470
9,470
4,471
5,471
6,471
7,471
2,472
4,472
5,472
6,472
7,472
9,472
3,473
4,473
5,473
6,473
7,473
11,473
2,474
4,474
5,474
6,474
7,474
9,474
11,474
3,475
4,475
5,475
6,475
7,475
9,475
12,475
2,476
3,476
4,476
5,476
6,476
7,476
9,476
11,476
12,476
3,477
4,477
5,477
6,477
7,477
9,477
11,477
3,478
4,478
5,478
7,478
2,479
4,479
5,479
9,479
11,479
3,480
4,480
5,480
6,480
7,480
9,480
11,480
3,481
4,481
5,481
6,481
7,481
11,481
2,482
4,482
5,482
9,482
2,483
3,483
4,483
5,483
6,483
9,483
2,484
3,484
4,484
5,484
6,484
9,484
4,485
5,485
7,485
9,485
3,486
4,486
5,486
7,486
9,486
11,486
2,487
4,487
5,487
6,487
9,487
4,488
7,488
4,489
5,489
7,489
9,489
5,490
7,490
2,491
4,491
5,491
7,491
9,491
2,492
4,492
5,492
7,492
9,492
2,493
3,493
4,493
5,493
6,493
7,493
9,493
3,494
4,494
5,494
6,494
7,494
9,494
11,494
3,495
4,495
5,495
6,495
7,495
11,495
2,496
4,496
5,496
7,496
9,496
2,497
4,497
5,497
1,498
2,498
4,498
5,498
3,499
4,499
5,499
6,499
7,499
9,499
11,499
3,500
4,500
5,500
9,500
4,501
5,501
9,501
3,502
4,502
5,502
9,502
3,503
4,503
5,503
6,503
10,503
11,503
4,504
5,504
7,504
9,504
11,504
4,505
5,505
9,505
3,506
4,506
5,506
6,506
9,506
11,506
4,507
5,507
9,507
2,508
4,508
11,508
2,509
3,509
4,509
5,509
6,509
7,509
8,509
9,509
10,509
11,509
1,510
2,510
3,510
4,510
5,510
6,510
7,510
8,510
9,510
11,510
12,510
2,511
3,511
4,511
5,511
6,511
7,511
8,511
9,511
11,511
12,511
2,512
3,512
4,512
5,512
6,512
7,512
8,512
9,512
11,512
12,512
2,513
3,513
4,513
5,513
6,513
7,513
8,513
9,513
11,513
12,513
1,514
2,514
3,514
4,514
5,514
6,514
7,514
8,514
9,514
11,514
12,514
2,515
4,515
5,515
7,515
8,515
9,515
11,515
2,516
3,516
4,516
5,516
6,516
7,516
8,516
9,516
11,516
1,517
2,517
3,517
4,517
5,517
6,517
7,517
8,517
9,517
10,517
12,517
1,518
2,518
4,518
5,518
6,518
7,518
8,518
9,518
11,518
12,518
2,519
3,519
4,519
5,519
6,519
7,519
8,519
9,519
10,519
11,519
12,519
2,520
4,520
5,520
6,520
7,520
8,520
2,521
3,521
4,521
5,521
6,521
7,521
11,521
12,521
4,522
5,522
6,522
7,522
9,522
11,522
12,522
2,523
3,523
4,523
5,523
7,523
9,523
11,523
1,524
2,524
3,524
4,524
5,524
6,524
7,524
8,524
9,524
10,524
11,524
12,524
1,525
2,525
3,525
4,525
5,525
7,525
8,525
9,525
11,525
1,526
2,526
3,526
4,526
5,526
6,526
7,526
8,526
9,526
11,526
12,526
2,527
3,527
4,527
5,527
6,527
7,527
8,527
9,527
11,527
12,527
3,528
4,528
5,528
6,528
7,528
9,528
11,528
12,528
2,529
3,529
4,529
5,529
9,529
11,529
2,530
3,530
4,530
5,530
6,530
7,530
9,530
11,530
13,530
2,531
5,531
7,531
9,531
11,531
1,532
2,532
3,532
4,532
5,532
6,532
7,532
8,532
9,532
6,533
7,533
2,534
3,534
4,534
5,534
6,534
7,534
8,534
9,534
11,534
12,534
2,535
3,535
4,535
5,535
6,535
7,535
8,535
9,535
11,535
2,536
3,536
5,536
6,536
7,536
8,536
9,536
11,536
12,536
2,537
4,537
5,537
6,537
8,537
11,537
12,537
1,538
2,538
3,538
4,538
5,538
6,538
8,538
9,538
11,538
12,538
2,539
3,539
4,539
5,539
9,539
1,540
2,540
4,540
5,540
6,540
7,540
8,540
9,540
2,541
3,541
4,541
5,541
7,541
9,541
11,541
2,542
3,542
4,542
5,542
6,542
7,542
8,542
9,542
11,542
2,543
3,543
4,543
5,543
7,543
9,543
12,543
3,544
4,544
5,544
6,544
7,544
9,544
11,544
12,544
2,545
3,545
4,545
5,545
9,545
2,546
4,546
5,546
9,546
2,547
4,547
5,547
7,547
9,547
11,547
2,548
3,548
4,548
5,548
6,548
7,548
9,548
11,548
1,549
2,549
3,549
4,549
5,549
6,549
7,549
8,549
9,549
2,550
3,550
4,550
5,550
6,550
7,550
9,550
11,550
2,551
4,551
5,551
7,551
9,551
2,552
3,552
4,552
5,552
6,552
7,552
9,552
11,552
2,553
3,553
4,553
5,553
6,553
9,553
11,553
2,554
3,554
4,554
5,554
6,554
7,554
9,554
11,554
3,555
4,555
5,555
6,555
7,555
9,555
11,555
3,556
4,556
5,556
6,556
7,556
9,556
11,556
4,557
5,557
9,557
2,558
3,558
4,558
5,558
6,558
9,558
11,558
3,559
4,559
5,559
7,559
9,559
11,559
13,559
2,560
4,560
5,560
6,560
7,560
9,560
11,560
2,561
3,561
4,561
5,561
6,561
7,561
9,561
11,561
2,562
3,562
4,562
5,562
6,562
11,562
3,563
4,563
5,563
7,563
9,563
11,563
2,564
3,564
4,564
5,564
6,564
7,564
8,564
9,564
12,564
2,565
4,565
5,565
9,565
12,565
2,566
3,566
4,566
5,566
7,566
9,566
11,566
2,567
3,567
4,567
5,567
9,567
3,568
4,568
5,568
6,568
7,568
9,568
11,568
4,569
5,569
6,569
9,569
2,570
4,570
5,570
7,570
11,570
3,571
4,571
5,571
6,571
9,571
11,571
4,572
5,572
7,572
11,572
2,573
4,573
5,573
6,573
7,573
9,573
11,573
4,574
5,574
6,574
7,574
2,575
3,575
4,575
5,575
7,575
9,575
5,576
11,576
7,577
2,578
3,578
4,578
5,578
7,578
9,578
2,579
4,579
5,579
7,579
9,579
11,579
3,580
4,580
5,580
6,580
7,580
11,580
2,581
3,581
4,581
5,581
6,581
7,581
9,581
11,581
12,581
4,582
5,582
7,582
9,582
11,582
3,583
4,583
5,583
7,583
9,583
11,583
3,584
4,584
5,584
7,584
9,584
11,584
2,585
4,585
5,585
9,585
11,585
3,586
4,586
5,586
9,586
4,587
5,587
7,587
8,587
11,587
2,588
4,588
5,588
6,588
7,588
11,588
4,589
5,589
6,589
7,589
11,589
2,590
3,590
4,590
5,590
6,590
7,590
9,590
11,590
4,591
5,591
5,592
9,592
2,593
4,593
5,593
7,593
9,593
11,593
4,594
5,594
4,595
5,595
6,595
7,595
11,595
3,596
4,596
5,596
7,596
9,596
11,596
3,597
4,597
5,597
9,597
8,598
4,599
5,599
7,599
11,599
3,600
4,600
5,600
6,600
7,600
9,600
11,600
1,601
2,601
4,601
5,601
7,601
9,601
4,602
5,602
2,603
4,603
5,603
6,603
7,603
8,603
11,603
3,604
4,604
5,604
6,604
7,604
9,604
10,604
11,604
2,605
3,605
4,605
5,605
6,605
7,605
9,605
11,605
5,606
7,606
4,607
5,607
9,607
4,608
5,608
4,609
7,609
9,609
4,610
5,610
6,610
11,610
2,611
4,611
5,611
9,611
11,611
3,612
4,612
5,612
6,612
7,612
9,612
11,612
4,613
5,613
7,613
11,613
2,614
4,614
5,614
6,614
7,614
9,614
2,615
4,615
5,615
11,615
2,616
4,616
5,616
6,616
7,616
4,617
5,617
9,617
4,618
5,618
4,619
5,619
3,620
4,620
5,620
9,620
11,620
9,621
4,622
5,622
1,623
2,623
4,623
5,623
7,623
2,624
4,624
5,624
4,625
2,626
4,626
5,626
4,627
5,627
6,627
7,627
9,627
2,628
4,628
5,628
7,628
9,628
11,628
2,629
4,629
5,629
7,629
9,629
2,630
4,630
5,630
7,630
9,630
2,631
4,631
5,631
6,631
9,631
11,631
2,632
4,632
5,632
6,632
7,632
9,632
12,632
2,633
4,633
5,633
6,633
7,633
9,633
4,634
5,634
7,634
9,634
2,635
4,635
5,635
7,635
9,635
11,635
2,636
4,636
5,636
6,636
7,636
8,636
9,636
11,636
12,636
2,637
4,637
5,637
6,637
7,637
11,637
2,638
4,638
5,638
7,638
9,638
2,639
4,639
5,639
6,639
7,639
9,639
4,640
5,640
7,640
9,640
2,641
4,641
5,641
7,641
9,641
4,642
5,642
6,642
7,642
9,642
11,642
12,642
2,643
4,643
5,643
7,643
9,643
2,644
4,644
5,644
9,644
11,644
2,645
4,645
5,645
6,645
7,645
9,645
11,645
2,646
4,646
7,646
9,646
2,647
4,647
5,647
9,647
4,648
5,648
6,648
7,648
9,648
11,648
2,649
4,649
5,649
9,649
4,650
5,650
7,650
2,651
3,651
4,651
5,651
6,651
7,651
9,651
12,651
2,652
4,652
5,652
9,652
2,653
4,653
5,653
9,653
2,654
4,654
5,654
7,654
9,654
2,655
4,655
5,655
6,655
7,655
9,655
2,656
4,656
5,656
7,656
9,656
11,656
4,657
5,657
9,657
4,658
5,658
9,658
11,658
2,659
4,659
5,659
6,659
7,659
9,659
2,660
4,660
5,660
6,660
7,660
9,660
2,661
3,661
4,661
5,661
6,661
9,661
2,662
4,662
5,662
6,662
7,662
11,662
12,662
2,663
4,663
5,663
6,663
7,663
9,663
11,663
4,664
5,664
6,664
7,664
9,664
2,665
4,665
5,665
9,665
4,666
5,666
4,667
5,667
6,667
7,667
11,667
2,668
4,668
5,668
7,668
9,668
4,669
5,669
7,669
9,669
11,669
4,670
7,670
9,670
4,671
5,671
6,671
7,671
9,671
11,671
4,672
5,672
6,672
7,672
9,672
11,672
2,673
4,673
5,673
7,673
9,673
5,674
6,674
7,674
11,674
4,675
5,675
9,675
2,676
4,676
5,676
7,676
9,676
4,677
5,677
7,677
9,677
4,678
5,678
9,678
2,679
4,679
5,679
7,679
9,679
11,679
4,680
5,680
7,680
9,680
4,681
5,681
9,681
11,681
1,682
2,682
4,682
5,682
7,682
9,682
2,683
4,683
5,683
6,683
7,683
11,683
1,684
2,684
4,684
5,684
7,684
4,685
5,685
6,685
9,685
11,685
12,685
1,686
2,686
4,686
5,686
6,686
7,686
8,686
9,686
12,686
2,687
3,687
4,687
5,687
6,687
7,687
8,687
9,687
11,687
12,687
2,688
4,688
5,688
6,688
7,688
8,688
9,688
12,688
2,689
4,689
5,689
6,689
7,689
8,689
9,689
11,689
12,689
2,690
4,690
5,690
6,690
7,690
8,690
9,690
11,690
12,690
2,691
4,691
5,691
6,691
11,691
1,692
2,692
3,692
4,692
5,692
6,692
7,692
8,692
9,692
11,692
12,692
2,693
4,693
5,693
6,693
7,693
8,693
9,693
11,693
12,693
2,694
4,694
5,694
6,694
7,694
9,694
11,694
2,695
4,695
5,695
6,695
7,695
9,695
11,695
3,696
4,696
5,696
6,696
7,696
9,696
12,696
1,697
2,697
4,697
5,697
6,697
7,697
9,697
12,697
2,698
4,698
5,698
7,698
9,698
2,699
4,699
5,699
6,699
7,699
9,699
11,699
1,700
2,700
3,700
4,700
5,700
6,700
7,700
8,700
9,700
11,700
12,700
2,701
4,701
5,701
6,701
7,701
9,701
12,701
4,702
5,702
7,702
9,702
4,703
5,703
9,703
4,704
5,704
7,704
9,704
2,705
4,705
5,705
6,705
9,705
12,705
2,706
4,706
5,706
9,706
2,707
4,707
5,707
7,707
9,707
11,707
2,708
4,708
9,708
2,709
4,709
5,709
6,709
7,709
8,709
9,709
12,709
4,710
5,710
6,710
7,710
9,710
11,710
12,710
2,711
4,711
5,711
6,711
8,711
9,711
11,711
12,711
2,712
4,712
5,712
6,712
9,712
11,712
1,713
2,713
3,713
4,713
5,713
6,713
7,713
9,713
11,713
2,714
4,714
5,714
6,714
7,714
9,714
1,715
2,715
3,715
4,715
5,715
6,715
7,715
9,715
11,715
2,716
4,716
5,716
6,716
7,716
9,716
11,716
2,717
4,717
5,717
6,717
9,717
2,718
4,718
5,718
6,718
7,718
9,718
1,719
2,719
4,719
5,719
6,719
7,719
9,719
11,719
2,720
4,720
5,720
7,720
9,720
11,720
2,721
3,721
4,721
5,721
6,721
7,721
9,721
11,721
2,722
4,722
5,722
9,722
11,722
2,723
4,723
5,723
7,723
9,723
3,724
4,724
5,724
6,724
7,724
9,724
11,724
2,725
3,725
4,725
5,725
6,725
9,725
2,726
4,726
5,726
6,726
9,726
11,726
3,727
4,727
5,727
9,727
11,727
2,729
4,729
5,729
7,729
9,729
3,730
4,730
5,730
7,730
9,730
10,730
2,731
4,731
5,731
6,731
9,731
12,731
4,732
5,732
6,732
7,732
9,732
11,732
2,733
4,733
5,733
9,733
4,734
6,734
8,734
11,734
2,735
4,735
5,735
7,735
9,735
3,736
4,736
5,736
6,736
7,736
9,736
3,737
4,737
5,737
6,737
7,737
11,737
4,738
5,738
6,738
11,738
1,739
2,739
3,739
4,739
5,739
6,739
7,739
9,739
11,739
2,740
3,740
4,740
5,740
6,740
7,740
9,740
11,740
3,741
4,741
9,741
2,742
4,742
5,742
7,742
9,742
2,743
4,743
5,743
9,743
3,744
4,744
5,744
9,744
4,745
5,745
6,745
9,745
2,746
3,746
4,746
5,746
7,746
9,746
2,747
4,747
5,747
6,747
7,747
9,747
2,748
5,748
7,748
9,748
2,749
4,749
5,749
7,749
9,749
1,750
2,750
4,750
5,750
2,751
4,751
5,751
6,751
7,751
9,751
11,751
4,752
5,752
6,752
9,752
12,752
2,753
4,753
5,753
6,753
9,753
3,754
4,754
5,754
6,754
7,754
9,754
11,754
4,755
5,755
9,755
4,756
5,756
7,756
9,756
2,757
4,757
5,757
6,757
7,757
11,757
3,758
4,758
5,758
6,758
9,758
11,758
2,759
4,759
5,759
7,759
9,759
4,760
5,760
11,760
1,761
2,761
4,761
5,761
7,761
9,761
11,761
3,762
4,762
5,762
6,762
9,762
2,763
4,763
5,763
7,763
9,763
4,764
5,764
2,765
3,765
4,765
5,765
6,765
7,765
9,765
2,766
3,766
4,766
5,766
9,766
2,767
3,767
4,767
5,767
6,767
7,767
11,767
3,768
5,768
7,768
4,769
5,769
6,769
7,769
4,770
5,770
6,770
7,770
8,770
4,771
5,771
6,771
7,771
11,771
2,772
4,772
5,772
9,772
4,773
5,773
7,773
9,773
2,774
3,774
4,774
5,774
9,774
5,775
7,775
9,775
11,775
2,776
4,776
5,776
9,776
3,777
4,777
5,777
7,777
9,777
11,777
3,778
4,778
5,778
6,778
7,778
11,778
4,779
6,779
9,779
2,780
4,780
5,780
6,780
11,780
2,781
4,781
5,781
6,781
7,781
9,781
2,782
3,782
4,782
7,782
9,782
4,783
5,783
7,783
11,783
4,784
5,784
6,784
7,784
11,784
4,785
5,785
6,785
9,785
11,785
3,786
4,786
7,786
9,786
3,787
4,787
5,787
7,787
11,787
4,788
5,788
7,788
11,788
3,789
4,789
9,789
4,790
5,790
2,791
4,791
5,791
7,791
9,791
4,792
5,792
6,792
9,792
3,793
4,793
5,793
6,793
7,793
9,793
4,794
5,794
9,794
5,795
4,796
5,796
9,796
11,796
4,797
5,797
7,797
9,797
11,797
3,798
4,798
5,798
7,798
9,798
11,798
2,799
4,799
5,799
3,800
4,800
7,800
10,800
11,800
2,801
3,801
4,801
5,801
9,801
4,802
2,803
4,803
5,803
7,803
9,803
2,804
4,804
9,804
3,805
4,805
5,805
7,805
9,805
4,806
5,806
6,806
7,806
9,806
11,806
4,807
5,807
7,807
11,807
2,808
4,808
5,808
7,808
3,809
4,809
5,809
6,809
7,809
4,810
5,810
2,811
3,811
4,811
5,811
6,811
11,811
2,812
4,812
5,812
9,812
3,813
4,813
6,813
4,814
5,814
9,814
2,815
4,815
7,815
9,815
4,816
5,816
7,816
11,816
3,817
4,817
5,817
6,817
9,817
2,818
4,818
5,818
7,818
9,818
4,819
5,819
7,819
9,819
11,819
2,820
3,820
4,820
5,820
9,820
4,821
5,821
7,821
11,821
4,822
5,822
7,822
11,822
2,823
5,823
6,823
7,823
5,824
4,825
5,825
7,825
11,825
1,826
2,826
5,826
3,827
4,827
5,827
9,827
2,828
4,828
5,828
9,828
3,829
4,829
5,829
7,829
9,829
11,829
4,830
5,830
6,830
7,830
9,830
11,830
4,831
5,831
9,831
2,832
4,832
5,832
6,832
7,832
9,832
4,833
5,833
6,833
7,833
9,833
11,833
2,834
4,834
5,834
7,834
9,834
2,835
4,835
5,835
7,835
9,835
2,836
4,836
7,836
9,836
2,837
4,837
5,837
7,837
9,837
2,838
4,838
5,838
7,838
9,838
12,838
2,839
4,839
5,839
7,839
9,839
1,840
2,840
4,840
5,840
6,840
7,840
9,840
12,840
1,841
2,841
4,841
5,841
7,841
9,841
2,843
4,843
5,843
7,843
9,843
4,844
5,844
7,844
9,844
4,845
5,845
7,845
9,845
4,846
5,846
7,846
9,846
2,847
4,847
5,847
6,847
7,847
9,847
11,847
4,848
5,848
7,848
9,848
2,849
4,849
5,849
7,849
9,849
2,850
4,850
5,850
7,850
9,850
2,851
4,851
5,851
7,851
9,851
2,852
4,852
5,852
7,852
9,852
2,853
4,853
5,853
7,853
9,853
2,854
4,854
5,854
7,854
9,854
2,855
4,855
5,855
6,855
7,855
9,855
12,855
2,856
4,856
5,856
6,856
7,856
9,856
4,857
5,857
6,857
9,857
4,858
5,858
7,858
9,858
2,859
4,859
5,859
7,859
9,859
2,860
4,860
5,860
7,860
9,860
2,861
3,861
4,861
5,861
6,861
7,861
11,861
2,862
4,862
5,862
7,862
9,862
4,864
5,864
7,864
9,864
2,865
4,865
5,865
6,865
7,865
9,865
4,866
5,866
7,866
9,866
1,867
2,867
5,867
7,867
2,868
3,868
4,868
5,868
6,868
7,868
8,868
9,868
10,868
11,868
12,868
2,869
4,869
5,869
6,869
7,869
8,869
9,869
11,869
12,869
2,870
4,870
5,870
6,870
7,870
8,870
9,870
12,870
2,871
4,871
5,871
6,871
7,871
8,871
9,871
11,871
12,871
2,872
4,872
5,872
6,872
7,872
9,872
11,872
2,873
4,873
5,873
6,873
7,873
8,873
9,873
11,873
2,874
4,874
5,874
6,874
7,874
8,874
12,874
2,875
4,875
5,875
9,875
2,876
4,876
5,876
9,876
2,877
4,877
5,877
6,877
7,877
9,877
11,877
12,877
2,878
4,878
5,878
6,878
7,878
8,878
9,878
2,879
4,879
5,879
7,879
9,879
4,880
5,880
6,880
9,880
2,881
4,881
5,881
7,881
9,881
1,882
2,882
4,882
5,882
7,882
9,882
4,883
5,883
9,883
2,884
4,884
5,884
7,884
9,884
2,885
4,885
5,885
6,885
7,885
9,885
12,885
2,886
4,886
5,886
7,886
9,886
4,887
5,887
6,887
7,887
9,887
11,887
1,888
2,888
4,888
5,888
7,888
9,888
2,889
4,889
5,889
7,889
9,889
2,890
4,890
5,890
7,890
9,890
5,891
6,891
7,891
11,891
2,892
4,892
5,892
7,892
9,892
3,893
4,893
5,893
7,893
9,893
11,893
4,894
5,894
7,894
9,894
2,895
4,895
5,895
9,895
4,896
5,896
7,896
9,896
5,897
9,897
4,898
5,898
7,898
11,898
12,898
13,898
4,899
5,899
9,899
4,900
5,900
7,900
9,900
11,900
2,901
4,901
5,901
7,901
9,901
1,902
2,902
4,902
5,902
9,902
5,903
6,903
7,903
5,907
7,907
1,909
2,909
4,909
5,909
7,909
9,909
2,910
4,910
5,910
7,910
9,910
4,911
5,911
9,911
11,911
2,912
4,912
5,912
7,912
9,912
2,913
4,913
5,913
7,913
9,913
2,914
4,914
5,914
7,914
9,914
4,915
5,915
7,915
9,915
2,916
4,916
5,916
6,916
7,916
9,916
12,916
2,917
4,917
5,917
7,917
9,917
2,918
4,918
5,918
7,918
9,918
2,919
4,919
5,919
7,919
9,919
4,920
5,920
7,920
9,920
11,920
4,921
5,921
9,921
2,922
3,922
4,922
5,922
6,922
7,922
8,922
10,922
12,922
2,923
3,923
4,923
5,923
6,923
7,923
8,923
9,923
12,923
2,924
4,924
5,924
6,924
8,924
9,924
12,924
13,924
2,925
4,925
5,925
6,925
7,925
8,925
9,925
12,925
1,926
2,926
4,926
5,926
6,926
7,926
8,926
9,926
12,926
2,927
4,927
5,927
9,927
2,928
4,928
5,928
6,928
7,928
8,928
11,928
13,928
1,929
2,929
4,929
5,929
6,929
7,929
8,929
9,929
12,929
2,930
3,930
4,930
5,930
6,930
7,930
8,930
9,930
11,930
12,930
1,931
2,931
4,931
5,931
6,931
7,931
8,931
9,931
11,931
12,931
3,932
4,932
5,932
6,932
7,932
9,932
12,932
2,933
4,933
5,933
6,933
7,933
8,933
9,933
2,934
4,934
5,934
7,934
9,934
2,935
3,935
4,935
5,935
8,935
9,935
12,935
4,936
5,936
7,936
9,936
2,937
4,937
5,937
6,937
7,937
8,937
9,937
12,937
1,938
2,938
4,938
5,938
6,938
7,938
8,938
9,938
11,938
12,938
2,939
4,939
5,939
2,940
4,940
5,940
7,940
9,940
2,941
4,941
5,941
6,941
7,941
8,941
9,941
11,941
2,942
4,942
5,942
6,942
9,942
2,943
4,943
5,943
7,943
9,943
1,944
2,944
4,944
5,944
6,944
7,944
8,944
9,944
12,944
2,945
4,945
5,945
6,945
7,945
9,945
1,946
2,946
4,946
5,946
6,946
7,946
8,946
9,946
12,946
6,947
2,948
4,948
5,948
6,948
7,948
8,948
9,948
12,948
4,949
5,949
6,949
7,949
9,949
12,949
2,950
3,950
4,950
5,950
9,950
2,951
4,951
5,951
2,952
4,952
5,952
6,952
7,952
8,952
9,952
10,952
11,952
12,952
2,953
4,953
5,953
6,953
7,953
8,953
9,953
12,953
2,954
4,954
5,954
7,954
9,954
4,955
5,955
7,955
9,955
2,956
3,956
4,956
5,956
7,956
9,956
12,956
4,957
5,957
6,957
7,957
2,958
3,958
4,958
5,958
6,958
7,958
11,958
2,959
4,959
5,959
9,959
2,960
4,960
5,960
7,960
9,960
2,961
4,961
5,961
9,961
2,962
4,962
5,962
7,962
9,962
1,963
2,963
3,963
4,963
5,963
6,963
7,963
9,963
12,963
2,964
4,964
5,964
7,964
9,964
4,965
5,965
7,965
9,965
2,966
4,966
5,966
7,966
9,966
2,967
4,967
5,967
7,967
1,968
2,968
3,968
4,968
5,968
6,968
7,968
12,968
2,969
4,969
5,969
7,969
9,969
12,969
2,970
4,970
7,970
9,970
2,971
4,971
5,971
6,971
7,971
8,971
9,971
12,971
4,972
5,972
6,972
7,972
8,972
9,972
11,972
12,972
4,973
5,973
6,973
7,973
8,973
9,973
11,973
12,973
2,974
4,974
5,974
6,974
7,974
9,974
11,974
12,974
1,975
2,975
4,975
5,975
3,976
4,976
5,976
6,976
7,976
8,976
9,976
4,977
7,977
9,977
2,978
4,978
5,978
7,978
9,978
4,979
5,979
7,979
9,979
1,980
2,980
4,980
5,980
7,980
11,980
2,981
4,981
5,981
6,981
7,981
11,981
2,982
4,982
5,982
7,982
9,982
2,983
4,983
5,983
7,983
9,983
2,984
4,984
5,984
6,984
7,984
8,984
9,984
4,985
5,985
4,986
5,986
7,986
8,986
9,986
11,986
4,987
5,987
7,987
9,987
2,988
4,988
5,988
6,988
7,988
9,988
2,989
4,989
5,989
7,989
9,989
4,990
7,990
9,990
5,991
9,991
4,992
5,992
6,992
9,992
2,993
4,993
5,993
7,993
9,993
2,994
4,994
5,994
7,994
9,994
2,995
4,995
5,995
7,995
9,995
1,996
2,996
4,996
5,996
7,996
5,997
7,997
2,998
4,998
5,998
7,998
9,998
2,999
4,999
5,999
7,999
9,999
2,1000
4,1000
5,1000
7,1000
2,1001
4,1001
5,1001
7,1001
9,1001
2,1002
4,1002
5,1002
7,1002
9,1002
2,1003
4,1003
5,1003
7,1003
9,1003
2,1004
4,1004
5,1004
7,1004
9,1004
2,1005
4,1005
5,1005
7,1005
9,1005
4,1006
5,1006
6,1006
7,1006
8,1006
11,1006
2,1007
5,1007
9,1007
11,1007
2,1008
4,1008
5,1008
7,1008
9,1008
2,1009
4,1009
5,1009
7,1009
9,1009
2,1010
4,1010
5,1010
7,1010
9,1010
4,1011
5,1011
7,1011
8,1011
9,1011
1,1012
2,1012
4,1012
5,1012
7,1012
9,1012
2,1013
4,1013
5,1013
6,1013
7,1013
9,1013
2,1014
4,1014
5,1014
6,1014
7,1014
9,1014
11,1014
5,1015
7,1015
2,1016
4,1016
5,1016
6,1016
7,1016
8,1016
9,1016
11,1016
3,1017
4,1017
5,1017
6,1017
7,1017
4,1018
5,1018
6,1018
7,1018
11,1018
4,1019
5,1019
7,1019
8,1019
9,1019
10,1019
11,1019
12,1019
1,1020
2,1020
5,1020
6,1020
7,1020
9,1020
11,1020
12,1020
4,1021
5,1021
6,1021
9,1021
2,1022
4,1022
5,1022
6,1022
7,1022
9,1022
2,1023
4,1023
5,1023
6,1023
7,1023
8,1023
9,1023
12,1023
4,1024
5,1024
9,1024
2,1025
4,1025
7,1025
9,1025
4,1026
5,1026
9,1026
2,1027
4,1027
5,1027
9,1027
4,1028
5,1028
7,1028
9,1028
4,1029
5,1029
7,1029
9,1029
2,1030
4,1030
5,1030
7,1030
9,1030
2,1031
4,1031
5,1031
7,1031
9,1031
4,1032
5,1032
9,1032
4,1033
5,1033
9,1033
2,1034
4,1034
5,1034
7,1034
9,1034
2,1035
4,1035
5,1035
6,1035
7,1035
9,1035
2,1036
4,1036
5,1036
7,1036
9,1036
4,1037
6,1037
7,1037
9,1037
4,1038
5,1038
6,1038
11,1038
2,1039
4,1039
5,1039
7,1039
9,1039
2,1040
4,1040
5,1040
9,1040
2,1041
4,1041
5,1041
7,1041
9,1041
11,1041
2,1042
4,1042
5,1042
7,1042
9,1042
2,1043
4,1043
5,1043
7,1043
9,1043
2,1044
4,1044
5,1044
7,1044
9,1044
4,1045
5,1045
6,1045
7,1045
9,1045
11,1045
2,1046
4,1046
5,1046
7,1046
9,1046
2,1047
4,1047
5,1047
9,1047
2,1048
4,1048
5,1048
7,1048
9,1048
2,1049
4,1049
5,1049
7,1049
9,1049
2,1050
4,1050
5,1050
7,1050
9,1050
2,1051
4,1051
5,1051
6,1051
7,1051
8,1051
9,1051
11,1051
2,1052
4,1052
5,1052
7,1052
9,1052
2,1053
4,1053
5,1053
6,1053
7,1053
9,1053
2,1054
4,1054
5,1054
9,1054
2,1055
4,1055
5,1055
7,1055
9,1055
2,1056
4,1056
5,1056
6,1056
7,1056
9,1056
2,1057
4,1057
5,1057
7,1057
9,1057
4,1058
5,1058
9,1058
2,1059
4,1059
5,1059
7,1059
9,1059
4,1060
5,1060
7,1060
9,1060
2,1061
4,1061
5,1061
7,1061
9,1061
2,1062
4,1062
5,1062
7,1062
9,1062
2,1063
4,1063
5,1063
7,1063
9,1063
4,1064
5,1064
9,1064
2,1065
4,1065
5,1065
6,1065
7,1065
9,1065
11,1065
12,1065
5,1066
9,1066
4,1067
5,1067
9,1067
11,1067
4,1068
5,1068
6,1068
7,1068
9,1068
2,1069
4,1069
5,1069
7,1069
2,1070
4,1070
5,1070
9,1070
2,1071
4,1071
5,1071
7,1071
9,1071
2,1072
4,1072
5,1072
7,1072
9,1072
2,1073
4,1073
5,1073
7,1073
9,1073
5,1074
7,1074
9,1074
2,1075
4,1075
5,1075
7,1075
9,1075
2,1076
4,1076
5,1076
7,1076
9,1076
2,1077
4,1077
5,1077
7,1077
9,1077
2,1078
4,1078
5,1078
7,1078
9,1078
2,1079
4,1079
5,1079
7,1079
9,1079
4,1080
5,1080
7,1080
9,1080
2,1081
4,1081
5,1081
7,1081
9,1081
5,1082
7,1082
2,1083
4,1083
5,1083
7,1083
9,1083
2,1084
4,1084
5,1084
2,1085
4,1085
5,1085
7,1085
9,1085
2,1086
4,1086
5,1086
7,1086
9,1086
5,1087
6,1087
7,1087
4,1088
5,1088
7,1088
2,1091
4,1091
5,1091
7,1091
8,1091
9,1091
11,1091
12,1091
4,1092
5,1092
6,1092
7,1092
8,1092
9,1092
1,1093
2,1093
4,1093
5,1093
6,1093
7,1093
8,1093
9,1093
1,1094
2,1094
4,1094
5,1094
6,1094
7,1094
8,1094
9,1094
1,1095
2,1095
4,1095
5,1095
6,1095
7,1095
8,1095
9,1095
1,1096
2,1096
4,1096
5,1096
6,1096
7,1096
8,1096
9,1096
2,1097
4,1097
5,1097
7,1097
9,1097
2,1098
4,1098
5,1098
9,1098
1,1099
2,1099
3,1099
4,1099
5,1099
6,1099
7,1099
8,1099
9,1099
12,1099
4,1100
5,1100
6,1100
7,1100
9,1100
2,1101
4,1101
5,1101
6,1101
7,1101
8,1101
9,1101
11,1101
4,1102
5,1102
7,1102
9,1102
2,1103
4,1103
5,1103
7,1103
8,1103
9,1103
2,1104
4,1104
5,1104
6,1104
7,1104
8,1104
9,1104
4,1105
5,1105
7,1105
9,1105
2,1106
3,1106
4,1106
5,1106
6,1106
7,1106
2,1107
4,1107
5,1107
6,1107
7,1107
8,1107
9,1107
11,1107
12,1107
2,1108
3,1108
4,1108
5,1108
6,1108
7,1108
8,1108
9,1108
11,1108
12,1108
2,1109
4,1109
5,1109
6,1109
7,1109
8,1109
9,1109
12,1109
1,1110
2,1110
4,1110
5,1110
6,1110
7,1110
8,1110
9,1110
12,1110
2,1111
4,1111
5,1111
6,1111
7,1111
9,1111
2,1112
4,1112
5,1112
7,1112
9,1112
2,1113
4,1113
5,1113
6,1113
7,1113
8,1113
9,1113
11,1113
2,1114
4,1114
5,1114
7,1114
9,1114
2,1115
4,1115
5,1115
7,1115
9,1115
4,1116
5,1116
7,1116
9,1116
2,1117
4,1117
5,1117
6,1117
7,1117
9,1117
2,1118
4,1118
5,1118
6,1118
7,1118
9,1118
11,1118
12,1118
2,1119
3,1119
4,1119
5,1119
6,1119
7,1119
12,1119
1,1120
2,1120
4,1120
5,1120
6,1120
7,1120
8,1120
9,1120
12,1120
1,1121
2,1121
4,1121
5,1121
6,1121
7,1121
8,1121
9,1121
12,1121
2,1122
6,1122
12,1122
4,1123
5,1123
6,1123
7,1123
9,1123
2,1124
4,1124
5,1124
6,1124
7,1124
8,1124
9,1124
12,1124
6,1125
7,1125
8,1125
12,1125
5,1126
6,1126
7,1126
2,1127
4,1127
5,1127
6,1127
7,1127
9,1127
2,1128
3,1128
4,1128
5,1128
6,1128
7,1128
8,1128
9,1128
10,1128
11,1128
12,1128
2,1129
4,1129
5,1129
9,1129
2,1130
4,1130
5,1130
6,1130
7,1130
9,1130
12,1130
2,1131
3,1131
4,1131
5,1131
6,1131
7,1131
9,1131
12,1131
4,1132
5,1132
6,1132
7,1132
9,1132
11,1132
4,1133
5,1133
7,1133
9,1133
2,1134
4,1134
5,1134
6,1134
7,1134
12,1134
2,1135
4,1135
5,1135
7,1135
9,1135
2,1136
4,1136
5,1136
6,1136
7,1136
9,1136
12,1136
1,1137
2,1137
3,1137
4,1137
5,1137
6,1137
8,1137
9,1137
10,1137
12,1137
2,1138
4,1138
5,1138
6,1138
7,1138
9,1138
2,1139
4,1139
7,1139
9,1139
2,1140
4,1140
5,1140
7,1140
9,1140
2,1141
4,1141
5,1141
6,1141
7,1141
8,1141
9,1141
10,1141
2,1142
4,1142
5,1142
6,1142
7,1142
8,1142
9,1142
2,1143
4,1143
5,1143
6,1143
7,1143
2,1144
4,1144
5,1144
9,1144
2,1145
4,1145
5,1145
2,1146
4,1146
5,1146
7,1146
2,1147
4,1147
9,1147
2,1148
4,1148
5,1148
7,1148
9,1148
1,1149
2,1149
3,1149
4,1149
5,1149
6,1149
7,1149
9,1149
2,1150
4,1150
5,1150
7,1150
9,1150
11,1150
2,1151
4,1151
5,1151
6,1151
7,1151
9,1151
12,1151
2,1152
4,1152
5,1152
6,1152
7,1152
9,1152
12,1152
2,1153
4,1153
5,1153
6,1153
7,1153
8,1153
9,1153
2,1154
4,1154
5,1154
7,1154
9,1154
2,1155
4,1155
5,1155
2,1156
4,1156
5,1156
6,1156
7,1156
9,1156
12,1156
2,1157
4,1157
5,1157
7,1157
9,1157
2,1158
4,1158
5,1158
9,1158
2,1159
4,1159
5,1159
7,1159
9,1159
2,1160
4,1160
5,1160
6,1160
7,1160
9,1160
11,1160
2,1161
4,1161
5,1161
6,1161
7,1161
2,1162
4,1162
5,1162
7,1162
9,1162
2,1163
4,1163
5,1163
9,1163
2,1164
4,1164
5,1164
7,1164
9,1164
2,1165
4,1165
5,1165
7,1165
9,1165
2,1166
3,1166
4,1166
5,1166
7,1166
2,1167
4,1167
5,1167
9,1167
2,1168
4,1168
5,1168
6,1168
11,1168
2,1169
4,1169
5,1169
9,1169
2,1170
4,1170
5,1170
7,1170
9,1170
2,1171
4,1171
5,1171
7,1171
9,1171
2,1172
3,1172
4,1172
5,1172
6,1172
7,1172
8,1172
9,1172
10,1172
12,1172
2,1173
4,1173
5,1173
9,1173
4,1174
5,1174
7,1174
9,1174
2,1175
4,1175
5,1175
7,1175
9,1175
2,1176
4,1176
5,1176
7,1176
8,1176
9,1176
2,1177
4,1177
5,1177
7,1177
2,1178
4,1178
5,1178
6,1178
7,1178
9,1178
2,1179
4,1179
5,1179
9,1179
2,1180
4,1180
5,1180
7,1180
9,1180
1,1181
2,1181
4,1181
5,1181
7,1181
9,1181
11,1181
12,1181
4,1182
5,1182
9,1182
2,1183
4,1183
5,1183
7,1183
11,1183
2,1184
4,1184
5,1184
4,1185
5,1185
6,1185
7,1185
9,1185
2,1186
4,1186
6,1186
7,1186
8,1186
9,1186
11,1186
2,1187
4,1187
5,1187
7,1187
9,1187
4,1188
5,1188
6,1188
7,1188
2,1189
4,1189
5,1189
6,1189
7,1189
9,1189
2,1190
4,1190
5,1190
7,1190
1,1191
2,1191
4,1191
5,1191
6,1191
7,1191
9,1191
11,1191
2,1192
4,1192
5,1192
7,1192
9,1192
2,1193
4,1193
5,1193
6,1193
7,1193
9,1193
12,1193
2,1194
4,1194
5,1194
7,1194
9,1194
2,1195
4,1195
5,1195
9,1195
2,1196
4,1196
5,1196
7,1196
9,1196
4,1197
5,1197
7,1197
9,1197
4,1198
7,1198
9,1198
2,1199
4,1199
5,1199
7,1199
9,1199
2,1200
4,1200
5,1200
7,1200
9,1200
2,1201
4,1201
5,1201
7,1201
9,1201
2,1202
4,1202
5,1202
6,1202
7,1202
9,1202
12,1202
2,1203
4,1203
5,1203
6,1203
7,1203
9,1203
4,1204
5,1204
9,1204
2,1205
4,1205
5,1205
7,1205
9,1205
4,1206
5,1206
9,1206
4,1207
5,1207
7,1207
9,1207
2,1208
5,1208
7,1208
4,1209
5,1209
7,1209
9,1209
11,1209
2,1210
4,1210
5,1210
7,1210
9,1210
12,1210
2,1211
4,1211
5,1211
6,1211
7,1211
9,1211
2,1212
3,1212
5,1212
6,1212
7,1212
4,1213
5,1213
6,1213
7,1213
2,1214
4,1214
5,1214
7,1214
9,1214
4,1215
5,1215
6,1215
7,1215
9,1215
2,1216
4,1216
5,1216
7,1216
9,1216
2,1217
4,1217
5,1217
7,1217
9,1217
2,1218
4,1218
5,1218
6,1218
7,1218
9,1218
4,1219
5,1219
7,1219
9,1219
4,1220
5,1220
6,1220
7,1220
9,1220
4,1221
5,1221
7,1221
9,1221
2,1222
4,1222
5,1222
6,1222
7,1222
8,1222
9,1222
11,1222
12,1222
2,1223
4,1223
5,1223
7,1223
9,1223
4,1224
5,1224
7,1224
4,1225
5,1225
6,1225
7,1225
9,1225
11,1225
2,1226
4,1226
5,1226
7,1226
9,1226
4,1227
7,1227
8,1227
9,1227
4,1228
5,1228
7,1228
9,1228
2,1229
4,1229
5,1229
6,1229
7,1229
9,1229
2,1230
4,1230
5,1230
7,1230
9,1230
1,1231
2,1231
4,1231
5,1231
7,1231
9,1231
2,1232
4,1232
5,1232
7,1232
9,1232
3,1233
4,1233
7,1233
9,1233
3,1234
4,1234
5,1234
6,1234
7,1234
9,1234
11,1234
12,1234
4,1235
5,1235
6,1235
7,1235
9,1235
5,1236
6,1236
7,1236
2,1237
4,1237
5,1237
7,1237
9,1237
4,1238
5,1238
6,1238
7,1238
9,1238
11,1238
2,1239
4,1239
5,1239
7,1239
9,1239
2,1240
4,1240
5,1240
7,1240
9,1240
2,1241
4,1241
5,1241
7,1241
9,1241
11,1241
12,1241
2,1242
4,1242
7,1242
9,1242
4,1243
5,1243
9,1243
2,1244
4,1244
7,1244
9,1244
4,1245
5,1245
7,1245
9,1245
4,1246
5,1246
14,1246
4,1247
5,1247
6,1247
9,1247
11,1247
4,1248
5,1248
7,1248
9,1248
2,1249
4,1249
7,1249
9,1249
4,1250
5,1250
7,1250
9,1250
2,1251
4,1251
5,1251
7,1251
9,1251
4,1252
6,1252
7,1252
9,1252
11,1252
2,1253
4,1253
5,1253
9,1253
4,1254
5,1254
7,1254
9,1254
12,1254
14,1254
4,1255
5,1255
9,1255
14,1255
2,1256
4,1256
7,1256
9,1256
2,1257
4,1257
5,1257
6,1257
7,1257
8,1257
9,1257
2,1258
4,1258
5,1258
6,1258
7,1258
9,1258
2,1259
4,1259
5,1259
7,1259
8,1259
9,1259
4,1260
5,1260
2,1261
4,1261
5,1261
7,1261
9,1261
2,1262
4,1262
5,1262
7,1262
9,1262
2,1263
4,1263
5,1263
7,1263
9,1263
2,1264
4,1264
7,1264
9,1264
2,1265
4,1265
5,1265
7,1265
9,1265
2,1266
4,1266
5,1266
7,1266
9,1266
2,1267
4,1267
5,1267
7,1267
9,1267
4,1268
5,1268
9,1268
2,1269
4,1269
5,1269
6,1269
2,1270
4,1270
7,1270
9,1270
4,1271
5,1271
9,1271
2,1272
4,1272
5,1272
7,1272
9,1272
4,1273
4,1274
5,1274
7,1274
9,1274
2,1275
4,1275
5,1275
7,1275
9,1275
4,1276
5,1276
6,1276
7,1276
9,1276
2,1277
5,1277
7,1277
9,1277
2,1278
4,1278
5,1278
6,1278
7,1278
9,1278
11,1278
12,1278
4,1279
5,1279
4,1280
5,1280
7,1280
2,1281
4,1281
5,1281
7,1281
9,1281
2,1282
4,1282
5,1282
7,1282
9,1282
2,1283
4,1283
5,1283
6,1283
7,1283
8,1283
9,1283
2,1284
4,1284
7,1284
2,1285
4,1285
5,1285
11,1285
2,1286
4,1286
5,1286
7,1286
9,1286
4,1287
7,1287
9,1287
4,1288
5,1288
7,1288
9,1288
4,1289
5,1289
7,1289
9,1289
2,1290
4,1290
5,1290
7,1290
9,1290
2,1291
4,1291
5,1291
7,1291
9,1291
2,1292
4,1292
5,1292
7,1292
9,1292
2,1293
4,1293
5,1293
9,1293
12,1293
2,1294
4,1294
5,1294
7,1294
9,1294
5,1295
14,1295
5,1296
14,1296
2,1297
4,1297
5,1297
7,1297
9,1297
4,1298
5,1298
7,1298
9,1298
4,1299
5,1299
6,1299
7,1299
9,1299
11,1299
9,1300
14,1300
2,1301
4,1301
5,1301
7,1301
9,1301
4,1302
9,1302
4,1303
5,1303
6,1303
7,1303
9,1303
4,1304
5,1304
7,1304
9,1304
2,1305
4,1305
5,1305
7,1305
9,1305
6,1306
9,1306
11,1306
2,1307
4,1307
5,1307
7,1307
9,1307
2,1309
4,1309
5,1309
7,1309
9,1309
4,1310
9,1310
4,1311
5,1311
7,1311
9,1311
11,1311
2,1312
4,1312
5,1312
7,1312
9,1312
4,1313
5,1314
7,1314
9,1314
4,1315
5,1315
6,1315
7,1315
9,1315
10,1315
12,1315
2,1316
4,1316
5,1316
7,1316
9,1316
4,1317
5,1317
6,1317
7,1317
11,1317
14,1317
4,1318
7,1318
9,1318
4,1319
5,1319
7,1319
9,1319
4,1320
5,1320
6,1320
7,1320
9,1320
1,1321
2,1321
4,1321
5,1321
6,1321
7,1321
9,1321
1,1322
2,1322
4,1322
5,1322
6,1322
7,1322
8,1322
9,1322
11,1322
12,1322
4,1323
5,1323
6,1323
7,1323
8,1323
2,1324
4,1324
5,1324
6,1324
7,1324
9,1324
11,1324
2,1325
4,1325
5,1325
6,1325
7,1325
9,1325
12,1325
1,1326
4,1326
5,1326
6,1326
7,1326
9,1326
13,1326
2,1327
4,1327
5,1327
7,1327
9,1327
4,1328
5,1328
2,1329
4,1329
5,1329
7,1329
9,1329
1,1330
2,1330
4,1330
5,1330
6,1330
7,1330
8,1330
11,1330
2,1331
3,1331
4,1331
5,1331
6,1331
9,1331
12,1331
4,1332
5,1332
7,1332
9,1332
14,1333
2,1334
4,1334
5,1334
4,1335
5,1335
7,1335
9,1335
4,1336
5,1336
7,1336
2,1337
4,1337
5,1337
6,1337
7,1337
9,1337
4,1338
5,1338
7,1338
9,1338
12,1338
4,1339
7,1339
9,1339
4,1340
5,1340
6,1340
7,1340
9,1340
11,1340
2,1341
4,1341
5,1341
9,1341
2,1342
4,1342
5,1342
9,1342
4,1343
7,1343
9,1343
2,1344
4,1344
5,1344
7,1344
9,1344
2,1345
4,1345
5,1345
9,1345
2,1346
4,1346
7,1346
9,1346
4,1347
5,1347
6,1347
7,1347
9,1347
2,1348
4,1348
5,1348
7,1348
9,1348
4,1349
5,1349
6,1349
7,1349
4,1350
5,1350
7,1350
9,1350
1,1351
2,1351
4,1351
5,1351
6,1351
7,1351
11,1351
4,1352
5,1352
9,1352
3,1353
4,1353
5,1353
6,1353
7,1353
9,1353
4,1354
9,1354
4,1356
5,1356
7,1356
9,1356
11,1356
12,1356
5,1357
4,1359
5,1359
6,1359
7,1359
2,1360
4,1360
5,1360
7,1360
9,1360
11,1360
2,1361
4,1361
5,1361
7,1361
9,1361
2,1362
4,1362
5,1362
7,1362
9,1362
4,1363
5,1363
7,1363
9,1363
2,1365
4,1365
5,1365
7,1365
9,1365
2,1366
4,1366
5,1366
7,1366
9,1366
2,1367
4,1367
5,1367
7,1367
9,1367
2,1368
4,1368
5,1368
7,1368
9,1368
2,1369
4,1369
5,1369
7,1369
9,1369
5,1370
7,1370
2,1371
4,1371
5,1371
7,1371
9,1371
5,1372
2,1373
4,1373
5,1373
6,1373
7,1373
11,1373
12,1373
2,1374
4,1374
5,1374
7,1374
9,1374
4,1375
5,1375
7,1375
9,1375
4,1376
5,1376
9,1376
2,1379
4,1379
5,1379
7,1379
9,1379
2,1380
4,1380
5,1380
7,1380
9,1380
5,1381
7,1381
5,1382
2,1383
4,1383
5,1383
7,1383
9,1383
4,1384
5,1384
7,1384
9,1384
2,1385
4,1385
5,1385
6,1385
7,1385
8,1385
9,1385
11,1385
12,1385
2,1386
4,1386
5,1386
6,1386
7,1386
8,1386
9,1386
12,1386
1,1387
2,1387
4,1387
5,1387
6,1387
7,1387
8,1387
9,1387
12,1387
1,1388
2,1388
4,1388
5,1388
6,1388
7,1388
8,1388
9,1388
12,1388
4,1389
5,1389
6,1389
7,1389
8,1389
9,1389
12,1389
2,1390
4,1390
5,1390
6,1390
7,1390
8,1390
9,1390
11,1390
2,1391
4,1391
5,1391
6,1391
7,1391
8,1391
9,1391
11,1391
12,1391
1,1392
2,1392
4,1392
5,1392
6,1392
7,1392
8,1392
9,1392
12,1392
2,1393
3,1393
4,1393
5,1393
7,1393
8,1393
9,1393
2,1394
4,1394
5,1394
6,1394
7,1394
9,1394
11,1394
2,1395
4,1395
5,1395
6,1395
7,1395
9,1395
11,1395
12,1395
1,1396
2,1396
4,1396
5,1396
6,1396
7,1396
8,1396
9,1396
11,1396
12,1396
4,1397
5,1397
6,1397
7,1397
10,1397
12,1397
2,1398
4,1398
5,1398
6,1398
7,1398
8,1398
9,1398
4,1399
5,1399
6,1399
7,1399
8,1399
9,1399
12,1399
4,1400
5,1400
7,1400
9,1400
2,1401
4,1401
5,1401
7,1401
9,1401
12,1401
4,1402
5,1402
6,1402
7,1402
9,1402
12,1402
4,1403
5,1403
6,1403
7,1403
9,1403
4,1404
5,1404
7,1404
9,1404
4,1405
5,1405
7,1405
9,1405
1,1406
2,1406
4,1406
5,1406
6,1406
7,1406
8,1406
9,1406
11,1406
12,1406
2,1407
4,1407
5,1407
9,1407
2,1408
4,1408
5,1408
6,1408
7,1408
8,1408
9,1408
12,1408
2,1409
4,1409
5,1409
7,1409
9,1409
4,1410
5,1410
7,1410
9,1410
4,1411
5,1411
6,1411
7,1411
9,1411
4,1412
5,1412
6,1412
7,1412
9,1412
1,1413
2,1413
4,1413
5,1413
7,1413
9,1413
4,1414
5,1414
7,1414
9,1414
4,1415
5,1415
7,1415
9,1415
2,1416
4,1416
5,1416
9,1416
4,1417
5,1417
7,1417
9,1417
2,1418
4,1418
5,1418
9,1418
2,1419
4,1419
5,1419
7,1419
9,1419
1,1420
2,1420
4,1420
5,1420
6,1420
7,1420
9,1420
4,1421
6,1421
7,1421
8,1421
9,1421
4,1422
5,1422
7,1422
9,1422
4,1423
5,1423
9,1423
2,1424
4,1424
5,1424
7,1424
9,1424
4,1425
5,1425
9,1425
2,1426
4,1426
9,1426
4,1427
5,1427
7,1427
9,1427
2,1428
4,1428
5,1428
7,1428
9,1428
2,1429
4,1429
5,1429
7,1429
9,1429
4,1430
5,1430
9,1430
4,1431
5,1431
9,1431
4,1432
5,1432
9,1432
4,1433
5,1433
9,1433
4,1434
5,1434
9,1434
4,1435
5,1435
9,1435
4,1436
5,1436
9,1436
4,1437
5,1437
7,1437
9,1437
4,1438
5,1438
9,1438
4,1439
5,1439
7,1439
9,1439
11,1439
14,1439
4,1440
5,1440
9,1440
2,1441
4,1441
5,1441
7,1441
4,1442
5,1442
9,1442
4,1443
5,1443
9,1443
5,1444
9,1444
4,1445
5,1445
9,1445
4,1446
5,1446
9,1446
4,1447
5,1447
9,1447
2,1448
4,1448
5,1448
7,1448
9,1448
2,1449
4,1449
5,1449
9,1449
4,1450
5,1450
6,1450
7,1450
1,1451
2,1451
4,1451
5,1451
7,1451
9,1451
4,1452
5,1452
6,1452
7,1452
1,1453
2,1453
4,1453
5,1453
7,1453
9,1453
2,1454
4,1454
5,1454
6,1454
7,1454
8,1454
9,1454
5,1455
7,1455
9,1455
1,1456
2,1456
5,1456
1,1457
2,1457
5,1457
1,1458
2,1458
4,1458
5,1458
7,1458
9,1458
1,1459
2,1459
5,1459
1,1460
2,1460
4,1460
5,1460
7,1460
9,1460
1,1461
2,1461
4,1461
5,1461
7,1461
9,1461
4,1462
5,1462
7,1462
9,1462
11,1462
2,1463
4,1463
5,1463
7,1463
9,1463
1,1465
2,1465
4,1465
5,1465
7,1465
9,1465
4,1466
5,1466
9,1466
14,1466
1,1467
2,1467
5,1467
4,1468
5,1468
7,1468
9,1468
2,1470
4,1470
5,1470
7,1470
9,1470
1,1471
2,1471
3,1471
4,1471
5,1471
6,1471
9,1471
12,1471
1,1472
2,1472
5,1472
6,1472
7,1472
11,1472
1,1473
2,1473
4,1473
5,1473
9,1473
1,1474
2,1474
4,1474
5,1474
9,1474
4,1475
5,1475
6,1475
7,1475
8,1475
9,1475
12,1475
1,1476
2,1476
4,1476
5,1476
6,1476
7,1476
9,1476
2,1477
4,1477
5,1477
6,1477
7,1477
9,1477
1,1478
2,1478
4,1478
5,1478
6,1478
7,1478
8,1478
9,1478
11,1478
1,1479
2,1479
4,1479
5,1479
6,1479
7,1479
9,1479
10,1479
11,1479
1,1480
2,1480
4,1480
5,1480
6,1480
7,1480
8,1480
9,1480
11,1480
2,1481
4,1481
5,1481
6,1481
7,1481
8,1481
9,1481
11,1481
12,1481
4,1482
5,1482
6,1482
7,1482
9,1482
2,1483
4,1483
5,1483
7,1483
9,1483
1,1484
2,1484
4,1484
5,1484
9,1484
2,1485
5,1485
6,1485
7,1485
12,1485
1,1486
2,1486
5,1486
1,1487
2,1487
5,1487
1,1488
2,1488
5,1488
9,1488
2,1489
4,1489
5,1489
6,1489
7,1489
8,1489
12,1489
4,1490
5,1490
6,1490
7,1490
8,1490
9,1490
11,1490
2,1491
4,1491
5,1491
6,1491
7,1491
8,1491
9,1491
11,1491
2,1492
4,1492
5,1492
6,1492
7,1492
9,1492
2,1493
4,1493
7,1493
8,1493
9,1493
1,1494
2,1494
3,1494
4,1494
5,1494
6,1494
7,1494
8,1494
9,1494
2,1495
4,1495
5,1495
6,1495
7,1495
8,1495
9,1495
11,1495
12,1495
2,1496
4,1496
5,1496
6,1496
7,1496
8,1496
9,1496
11,1496
2,1497
4,1497
5,1497
7,1497
8,1497
9,1497
2,1498
4,1498
5,1498
6,1498
7,1498
9,1498
11,1498
12,1498
2,1499
4,1499
5,1499
6,1499
7,1499
8,1499
9,1499
12,1499
2,1500
4,1500
5,1500
6,1500
7,1500
8,1500
9,1500
11,1500
12,1500
4,1501
5,1501
6,1501
7,1501
8,1501
12,1501
2,1502
4,1502
5,1502
6,1502
7,1502
9,1502
12,1502
4,1503
5,1503
7,1503
9,1503
2,1504
4,1504
5,1504
6,1504
7,1504
8,1504
9,1504
12,1504
2,1505
4,1505
5,1505
6,1505
7,1505
8,1505
9,1505
12,1505
3,1506
4,1506
5,1506
6,1506
7,1506
8,1506
9,1506
11,1506
12,1506
13,1506
4,1507
5,1507
9,1507
1,1508
2,1508
3,1508
4,1508
5,1508
6,1508
7,1508
8,1508
9,1508
11,1508
12,1508
2,1509
4,1509
5,1509
6,1509
7,1509
8,1509
9,1509
3,1510
4,1510
5,1510
7,1510
9,1510
12,1510
4,1511
5,1511
7,1511
9,1511
2,1512
4,1512
5,1512
9,1512
2,1513
4,1513
5,1513
7,1513
9,1513
13,1513
2,1514
4,1514
5,1514
7,1514
9,1514
3,1515
4,1515
5,1515
9,1515
4,1516
5,1516
6,1516
7,1516
9,1516
4,1517
5,1517
9,1517
2,1518
4,1518
5,1518
6,1518
7,1518
9,1518
4,1519
5,1519
9,1519
4,1520
5,1520
9,1520
2,1521
4,1521
5,1521
6,1521
7,1521
9,1521
2,1522
4,1522
5,1522
7,1522
9,1522
2,1523
4,1523
5,1523
7,1523
9,1523
4,1524
5,1524
9,1524
2,1525
4,1525
5,1525
7,1525
9,1525
2,1526
4,1526
5,1526
6,1526
9,1526
2,1527
4,1527
5,1527
9,1527
2,1528
4,1528
5,1528
7,1528
9,1528
2,1529
4,1529
5,1529
7,1529
9,1529
4,1530
5,1530
7,1530
9,1530
2,1531
4,1531
5,1531
7,1531
9,1531
12,1531
4,1532
5,1532
9,1532
2,1533
4,1533
5,1533
7,1533
9,1533
2,1534
4,1534
5,1534
7,1534
9,1534
2,1535
4,1535
5,1535
6,1535
7,1535
8,1535
9,1535
12,1535
2,1536
4,1536
5,1536
7,1536
9,1536
2,1537
4,1537
5,1537
7,1537
9,1537
4,1538
5,1538
9,1538
5,1539
7,1539
4,1540
5,1540
7,1540
4,1541
5,1541
6,1541
7,1541
9,1541
2,1542
4,1542
5,1542
6,1542
9,1542
2,1543
4,1543
5,1543
7,1543
9,1543
2,1544
4,1544
5,1544
7,1544
9,1544
2,1545
4,1545
5,1545
6,1545
7,1545
9,1545
2,1546
4,1546
5,1546
7,1546
9,1546
2,1547
4,1547
5,1547
7,1547
9,1547
2,1548
4,1548
5,1548
7,1548
9,1548
2,1549
4,1549
7,1549
9,1549
2,1550
4,1550
7,1550
9,1550
4,1551
5,1551
9,1551
2,1552
4,1552
5,1552
6,1552
7,1552
9,1552
11,1552
4,1553
5,1553
2,1554
4,1554
5,1554
7,1554
8,1554
9,1554
2,1555
4,1555
5,1555
7,1555
9,1555
2,1556
4,1556
5,1556
7,1556
9,1556
4,1557
5,1557
9,1557
2,1558
4,1558
5,1558
7,1558
9,1558
2,1559
4,1559
5,1559
7,1559
9,1559
12,1559
2,1561
4,1561
5,1561
9,1561
4,1562
9,1562
4,1563
7,1563
9,1563
2,1564
4,1564
5,1564
6,1564
7,1564
8,1564
9,1564
12,1564
2,1565
4,1565
5,1565
6,1565
2,1566
4,1566
5,1566
6,1566
7,1566
9,1566
11,1566
2,1567
4,1567
5,1567
6,1567
7,1567
9,1567
11,1567
12,1567
2,1568
4,1568
5,1568
6,1568
7,1568
9,1568
2,1569
4,1569
5,1569
7,1569
9,1569
2,1570
4,1570
5,1570
6,1570
9,1570
12,1570
2,1571
4,1571
5,1571
9,1571
2,1572
4,1572
5,1572
7,1572
9,1572
2,1573
4,1573
5,1573
9,1573
2,1574
4,1574
5,1574
7,1574
9,1574
4,1575
5,1575
7,1575
9,1575
4,1576
5,1576
7,1576
9,1576
2,1577
4,1577
5,1577
7,1577
9,1577
12,1577
2,1578
4,1578
5,1578
7,1578
9,1578
12,1578
2,1579
4,1579
5,1579
9,1579
2,1580
4,1580
5,1580
6,1580
7,1580
9,1580
11,1580
2,1581
4,1581
5,1581
7,1581
9,1581
2,1582
4,1582
5,1582
6,1582
7,1582
11,1582
12,1582
2,1583
4,1583
5,1583
7,1583
9,1583
4,1584
7,1584
9,1584
5,1585
7,1585
9,1585
11,1585
2,1586
4,1586
5,1586
6,1586
7,1586
9,1586
11,1586
12,1586
2,1587
4,1587
5,1587
7,1587
9,1587
2,1588
4,1588
5,1588
9,1588
1,1589
2,1589
3,1589
4,1589
5,1589
6,1589
7,1589
8,1589
9,1589
10,1589
11,1589
12,1589
1,1590
2,1590
4,1590
5,1590
6,1590
7,1590
8,1590
9,1590
11,1590
1,1591
2,1591
3,1591
4,1591
5,1591
6,1591
7,1591
8,1591
9,1591
10,1591
11,1591
12,1591
4,1592
5,1592
6,1592
7,1592
8,1592
9,1592
11,1592
2,1593
3,1593
4,1593
5,1593
6,1593
7,1593
8,1593
9,1593
10,1593
11,1593
2,1594
4,1594
5,1594
6,1594
7,1594
8,1594
9,1594
12,1594
2,1595
3,1595
4,1595
5,1595
7,1595
9,1595
4,1596
5,1596
7,1596
9,1596
2,1597
4,1597
5,1597
9,1597
1,1598
2,1598
4,1598
5,1598
6,1598
7,1598
8,1598
9,1598
11,1598
12,1598
2,1599
4,1599
5,1599
7,1599
9,1599
2,1600
4,1600
5,1600
7,1600
9,1600
2,1601
4,1601
5,1601
7,1601
8,1601
9,1601
2,1602
4,1602
9,1602
3,1603
4,1603
5,1603
6,1603
7,1603
8,1603
9,1603
12,1603
2,1604
4,1604
7,1604
9,1604
2,1605
4,1605
7,1605
9,1605
4,1606
5,1606
7,1606
9,1606
4,1607
5,1607
6,1607
7,1607
9,1607
2,1608
4,1608
5,1608
9,1608
4,1609
5,1609
7,1609
9,1609
2,1610
4,1610
5,1610
7,1610
9,1610
2,1611
4,1611
5,1611
7,1611
9,1611
2,1612
4,1612
5,1612
7,1612
9,1612
2,1613
4,1613
6,1613
7,1613
9,1613
2,1614
4,1614
5,1614
7,1614
9,1614
12,1614
1,1615
2,1615
4,1615
5,1615
14,1615
2,1616
4,1616
5,1616
7,1616
9,1616
2,1617
4,1617
5,1617
7,1617
9,1617
4,1618
5,1618
7,1618
9,1618
2,1619
4,1619
5,1619
6,1619
7,1619
11,1619
12,1619
2,1620
4,1620
5,1620
7,1620
9,1620
2,1621
4,1621
5,1621
6,1621
7,1621
9,1621
11,1621
4,1622
5,1622
6,1622
7,1622
11,1622
4,1623
5,1623
7,1623
9,1623
2,1624
4,1624
5,1624
7,1624
9,1624
2,1625
4,1625
5,1625
6,1625
7,1625
8,1625
9,1625
11,1625
4,1626
5,1626
9,1626
2,1627
4,1627
5,1627
7,1627
9,1627
2,1628
4,1628
5,1628
7,1628
9,1628
11,1628
2,1629
4,1629
5,1629
7,1629
9,1629
1,1630
2,1630
4,1630
5,1630
6,1630
7,1630
8,1630
9,1630
11,1630
4,1631
5,1631
6,1631
7,1631
9,1631
11,1631
2,1632
4,1632
5,1632
6,1632
7,1632
9,1632
2,1633
4,1633
5,1633
7,1633
11,1633
4,1634
5,1634
6,1634
7,1634
9,1634
11,1634
2,1635
4,1635
5,1635
2,1636
4,1636
5,1636
7,1636
2,1637
4,1637
5,1637
9,1637
5,1638
6,1638
9,1638
4,1639
5,1639
7,1639
9,1639
4,1640
5,1640
9,1640
4,1641
5,1641
7,1641
9,1641
2,1642
4,1642
5,1642
7,1642
9,1642
1,1643
2,1643
4,1643
5,1643
7,1643
8,1643
9,1643
4,1644
5,1644
7,1644
9,1644
2,1645
4,1645
5,1645
7,1645
9,1645
2,1646
4,1646
5,1646
6,1646
7,1646
9,1646
12,1646
2,1647
4,1647
5,1647
7,1647
9,1647
2,1648
4,1648
5,1648
7,1648
9,1648
1,1649
2,1649
4,1649
5,1649
7,1649
9,1649
4,1650
5,1650
9,1650
1,1651
2,1651
4,1651
5,1651
7,1651
9,1651
5,1652
6,1652
7,1652
8,1652
4,1653
5,1653
7,1653
9,1653
4,1654
5,1654
9,1654
5,1655
6,1655
2,1656
4,1656
5,1656
7,1656
9,1656
1,1657
2,1657
4,1657
5,1657
6,1657
7,1657
9,1657
4,1659
5,1659
6,1659
7,1659
9,1659
2,1660
4,1660
5,1660
6,1660
7,1660
8,1660
9,1660
11,1660
12,1660
2,1661
4,1661
5,1661
6,1661
7,1661
9,1661
1,1662
2,1662
4,1662
5,1662
6,1662
7,1662
8,1662
9,1662
11,1662
12,1662
2,1663
4,1663
5,1663
6,1663
7,1663
8,1663
9,1663
11,1663
12,1663
2,1664
4,1664
5,1664
6,1664
7,1664
9,1664
11,1664
2,1665
4,1665
5,1665
6,1665
7,1665
9,1665
11,1665
12,1665
1,1666
2,1666
4,1666
5,1666
6,1666
7,1666
8,1666
9,1666
11,1666
12,1666
2,1667
4,1667
5,1667
7,1667
9,1667
2,1668
4,1668
5,1668
6,1668
7,1668
9,1668
2,1669
4,1669
5,1669
6,1669
7,1669
9,1669
13,1669
2,1670
4,1670
5,1670
7,1670
9,1670
4,1671
5,1671
6,1671
7,1671
9,1671
11,1671
2,1672
3,1672
4,1672
5,1672
7,1672
8,1672
9,1672
12,1672
4,1673
5,1673
7,1673
8,1673
9,1673
2,1674
4,1674
5,1674
7,1674
9,1674
2,1675
4,1675
5,1675
7,1675
9,1675
2,1676
4,1676
5,1676
6,1676
7,1676
9,1676
11,1676
12,1676
2,1677
4,1677
5,1677
7,1677
9,1677
2,1678
4,1678
7,1678
9,1678
2,1679
4,1679
5,1679
6,1679
7,1679
9,1679
2,1680
4,1680
5,1680
9,1680
4,1681
5,1681
7,1681
9,1681
4,1682
5,1682
7,1682
5,1683
9,1683
2,1684
4,1684
5,1684
7,1684
9,1684
13,1684
2,1685
4,1685
5,1685
6,1685
7,1685
9,1685
11,1685
12,1685
3,1686
4,1686
5,1686
6,1686
7,1686
9,1686
11,1686
2,1687
4,1687
5,1687
6,1687
7,1687
9,1687
11,1687
2,1688
4,1688
5,1688
9,1688
2,1689
4,1689
5,1689
7,1689
9,1689
3,1690
4,1690
5,1690
6,1690
7,1690
9,1690
11,1690
2,1691
3,1691
4,1691
5,1691
7,1691
9,1691
2,1692
4,1692
5,1692
7,1692
9,1692
2,1693
4,1693
5,1693
9,1693
2,1695
4,1695
5,1695
7,1695
9,1695
11,1695
2,1696
4,1696
5,1696
6,1696
7,1696
8,1696
11,1696
2,1697
4,1697
5,1697
7,1697
9,1697
3,1698
11,1698
2,1699
4,1700
5,1700
6,1700
7,1700
9,1700
2,1701
5,1701
9,1701
2,1702
4,1702
5,1702
7,1702
9,1702
4,1703
5,1703
7,1703
9,1703
4,1704
5,1704
6,1704
7,1704
9,1704
11,1704
5,1705
7,1705
11,1705
4,1706
5,1706
9,1706
13,1706
2,1707
4,1707
5,1707
2,1708
4,1708
5,1708
7,1708
9,1708
2,1709
4,1709
5,1709
9,1709
2,1710
4,1710
5,1710
9,1710
2,1711
4,1711
5,1711
2,1712
5,1712
2,1713
5,1713
2,1714
3,1714
4,1714
5,1714
6,1714
7,1714
9,1714
12,1714
2,1715
4,1715
5,1715
6,1715
7,1715
9,1715
11,1715
2,1716
4,1716
5,1716
6,1716
7,1716
8,1716
9,1716
11,1716
12,1716
4,1717
5,1717
7,1717
8,1717
9,1717
2,1718
4,1718
5,1718
7,1718
9,1718
2,1719
3,1719
4,1719
5,1719
7,1719
9,1719
12,1719
4,1720
5,1720
7,1720
9,1720
4,1721
5,1721
6,1721
9,1721
11,1721
12,1721
2,1722
4,1722
5,1722
6,1722
9,1722
2,1723
4,1723
5,1723
7,1723
9,1723
2,1724
4,1724
7,1724
9,1724
2,1725
4,1725
5,1725
7,1725
9,1725
2,1726
4,1726
5,1726
7,1726
9,1726
4,1727
5,1727
6,1727
7,1727
9,1727
2,1728
4,1728
5,1728
7,1728
9,1728
2,1729
4,1729
5,1729
7,1729
9,1729
2,1730
4,1730
5,1730
7,1730
9,1730
4,1731
5,1731
9,1731
2,1732
4,1732
5,1732
7,1732
9,1732
2,1733
4,1733
5,1733
7,1733
2,1734
4,1734
5,1734
7,1734
9,1734
2,1735
4,1735
5,1735
7,1735
9,1735
2,1736
4,1736
5,1736
9,1736
2,1737
4,1737
5,1737
7,1737
9,1737
4,1738
5,1738
6,1738
7,1738
9,1738
10,1738
4,1739
5,1739
7,1739
9,1739
2,1740
3,1740
4,1740
5,1740
7,1740
9,1740
2,1741
4,1741
5,1741
7,1741
9,1741
2,1742
4,1742
5,1742
7,1742
9,1742
2,1743
4,1743
5,1743
7,1743
9,1743
4,1744
5,1744
7,1744
9,1744
2,1745
4,1745
5,1745
9,1745
2,1746
4,1746
7,1746
9,1746
4,1747
5,1747
7,1747
9,1747
10,1747
4,1748
5,1748
6,1748
9,1748
4,1749
5,1749
6,1749
9,1749
2,1750
4,1750
5,1750
6,1750
7,1750
8,1750
9,1750
12,1750
2,1751
4,1751
5,1751
9,1751
4,1752
5,1752
7,1752
9,1752
4,1753
5,1753
6,1753
7,1753
9,1753
2,1754
4,1754
5,1754
7,1754
9,1754
11,1754
2,1755
4,1755
5,1755
7,1755
9,1755
4,1756
5,1756
6,1756
9,1756
2,1757
4,1757
5,1757
7,1757
9,1757
2,1758
4,1758
5,1758
7,1758
9,1758
2,1759
4,1759
5,1759
7,1759
9,1759
4,1760
5,1760
7,1760
9,1760
2,1761
4,1761
5,1761
7,1761
9,1761
2,1762
4,1762
5,1762
7,1762
9,1762
2,1763
4,1763
5,1763
7,1763
9,1763
2,1764
4,1764
5,1764
7,1764
9,1764
2,1765
4,1765
7,1765
9,1765
4,1766
5,1766
7,1766
9,1766
2,1767
4,1767
7,1767
9,1767
2,1768
4,1768
5,1768
7,1768
9,1768
2,1769
4,1769
5,1769
7,1769
9,1769
4,1770
5,1770
7,1770
9,1770
2,1771
4,1771
5,1771
7,1771
9,1771
2,1772
4,1772
7,1772
9,1772
2,1773
4,1773
5,1773
7,1773
9,1773
4,1774
5,1774
7,1774
9,1774
2,1775
4,1775
7,1775
9,1775
2,1776
4,1776
5,1776
7,1776
9,1776
2,1777
4,1777
5,1777
7,1777
9,1777
2,1778
4,1778
5,1778
7,1778
9,1778
2,1779
4,1779
5,1779
7,1779
9,1779
2,1780
4,1780
5,1780
7,1780
9,1780
1,1781
2,1781
4,1781
5,1781
9,1781
1,1782
2,1782
4,1782
5,1782
7,1782
9,1782
2,1783
4,1783
7,1783
9,1783
2,1784
4,1784
5,1784
7,1784
9,1784
2,1785
5,1785
7,1785
11,1785
4,1786
7,1786
9,1786
1,1787
2,1787
4,1787
5,1787
7,1787
9,1787
1,1788
2,1788
4,1788
5,1788
1,1789
2,1789
4,1789
5,1789
7,1789
9,1789
1,1790
2,1790
4,1790
5,1790
9,1790
1,1791
2,1791
4,1791
5,1791
7,1791
9,1791
5,1793
9,1793
2,1794
5,1794
1,1795
2,1795
5,1795
2,1796
4,1796
5,1796
7,1796
9,1796
4,1797
5,1797
4,1798
5,1798
7,1798
9,1798
2,1799
5,1799
5,1800
7,1800
9,1800
2,1801
4,1801
5,1801
6,1801
7,1801
9,1801
2,1802
4,1802
5,1802
6,1802
7,1802
8,1802
9,1802
11,1802
12,1802
1,1803
2,1803
4,1803
5,1803
6,1803
7,1803
8,1803
9,1803
11,1803
12,1803
2,1804
4,1804
5,1804
6,1804
7,1804
8,1804
9,1804
12,1804
2,1805
4,1805
5,1805
7,1805
9,1805
2,1806
4,1806
5,1806
6,1806
7,1806
9,1806
2,1807
4,1807
5,1807
7,1807
8,1807
9,1807
2,1808
4,1808
5,1808
7,1808
9,1808
4,1809
5,1809
6,1809
7,1809
12,1809
2,1810
4,1810
5,1810
6,1810
7,1810
9,1810
2,1811
4,1811
5,1811
9,1811
1,1812
2,1812
4,1812
5,1812
6,1812
7,1812
9,1812
12,1812
4,1813
5,1813
7,1813
9,1813
4,1814
5,1814
7,1814
9,1814
2,1815
4,1815
5,1815
7,1815
9,1815
12,1815
2,1816
4,1816
7,1816
9,1816
2,1817
4,1817
5,1817
6,1817
7,1817
9,1817
2,1818
4,1818
7,1818
9,1818
1,1819
2,1819
4,1819
5,1819
7,1819
9,1819
1,1820
2,1820
4,1820
5,1820
7,1820
9,1820
4,1821
5,1821
6,1821
7,1821
9,1821
11,1821
2,1822
4,1822
5,1822
9,1822
2,1823
4,1823
5,1823
6,1823
7,1823
8,1823
9,1823
12,1823
2,1824
4,1824
5,1824
6,1824
7,1824
9,1824
11,1824
4,1825
5,1825
9,1825
2,1826
4,1826
5,1826
7,1826
9,1826
11,1826
4,1827
5,1827
7,1827
9,1827
2,1828
4,1828
7,1828
9,1828
1,1829
2,1829
4,1829
5,1829
9,1829
1,1830
2,1830
4,1830
5,1830
9,1830
1,1831
2,1831
4,1831
5,1831
9,1831
1,1832
2,1832
4,1832
5,1832
9,1832
4,1833
6,1833
7,1833
9,1833
2,1834
4,1834
5,1834
6,1834
7,1834
9,1834
1,1835
2,1835
3,1835
4,1835
5,1835
6,1835
7,1835
9,1835
2,1836
4,1836
5,1836
6,1836
7,1836
9,1836
12,1836
2,1837
4,1837
5,1837
7,1837
9,1837
2,1838
4,1838
5,1838
6,1838
7,1838
9,1838
12,1838
2,1839
4,1839
5,1839
7,1839
9,1839
12,1839
2,1840
4,1840
5,1840
7,1840
9,1840
2,1841
4,1841
5,1841
7,1841
9,1841
2,1842
4,1842
5,1842
9,1842
4,1843
5,1843
9,1843
4,1844
5,1844
9,1844
4,1845
5,1845
7,1845
9,1845
4,1846
5,1846
7,1846
9,1846
4,1847
5,1847
6,1847
7,1847
9,1847
11,1847
2,1848
4,1848
5,1848
9,1848
2,1849
4,1849
7,1849
9,1849
4,1850
5,1850
6,1850
7,1850
4,1851
5,1851
7,1851
9,1851
2,1852
4,1852
5,1852
9,1852
4,1853
5,1853
7,1853
9,1853
4,1854
5,1854
7,1854
9,1854
4,1855
5,1855
9,1855
2,1856
4,1856
5,1856
7,1856
9,1856
4,1857
5,1857
7,1857
9,1857
2,1858
4,1858
5,1858
7,1858
9,1858
11,1858
2,1859
4,1859
5,1859
6,1859
7,1859
8,1859
9,1859
11,1859
2,1860
4,1860
7,1860
9,1860
2,1861
4,1861
5,1861
9,1861
2,1862
4,1862
7,1862
9,1862
4,1863
5,1863
7,1863
9,1863
2,1864
4,1864
7,1864
9,1864
2,1865
4,1865
5,1865
7,1865
9,1865
2,1866
4,1866
5,1866
8,1866
9,1866
2,1867
4,1867
5,1867
7,1867
9,1867
2,1868
4,1868
7,1868
9,1868
2,1869
4,1869
5,1869
9,1869
2,1870
4,1870
5,1870
7,1870
9,1870
5,1871
2,1872
4,1872
7,1872
9,1872
2,1873
4,1873
5,1873
7,1873
9,1873
4,1874
5,1874
7,1874
1,1875
2,1875
4,1875
5,1875
7,1875
9,1875
4,1876
5,1876
2,1877
4,1877
5,1877
7,1877
9,1877
4,1878
5,1878
7,1878
9,1878
2,1879
5,1879
9,1879
4,1880
7,1880
4,1881
5,1881
9,1881
1,1882
2,1882
5,1882
7,1882
9,1882
4,1883
5,1883
9,1883
1,1884
2,1884
5,1884
7,1884
4,1885
5,1885
9,1885
4,1886
5,1886
9,1886
1,1887
2,1887
4,1887
5,1887
7,1887
9,1887
4,1888
5,1888
7,1888
2,1889
4,1889
5,1889
7,1889
9,1889
2,1890
4,1890
5,1890
7,1890
9,1890
1,1891
2,1891
4,1891
5,1891
6,1891
7,1891
8,1891
9,1891
10,1891
12,1891
2,1892
4,1892
5,1892
7,1892
9,1892
2,1893
4,1893
5,1893
7,1893
9,1893
4,1894
5,1894
6,1894
7,1894
9,1894
12,1894
1,1895
2,1895
4,1895
5,1895
6,1895
7,1895
8,1895
9,1895
12,1895
2,1896
4,1896
5,1896
7,1896
9,1896
12,1896
4,1897
5,1897
7,1897
9,1897
2,1898
4,1898
5,1898
7,1898
9,1898
2,1899
4,1899
5,1899
7,1899
9,1899
4,1900
5,1900
7,1900
9,1900
2,1901
4,1901
5,1901
7,1901
9,1901
2,1902
5,1902
7,1902
9,1902
11,1902
1,1903
2,1903
4,1903
5,1903
7,1903
9,1903
2,1904
4,1904
5,1904
7,1904
9,1904
2,1905
4,1905
5,1905
7,1905
9,1905
4,1906
5,1906
7,1906
9,1906
2,1907
4,1907
5,1907
9,1907
2,1908
4,1908
5,1908
7,1908
9,1908
2,1909
4,1909
7,1909
9,1909
2,1910
4,1910
5,1910
7,1910
9,1910
4,1911
5,1911
7,1911
9,1911
1,1912
2,1912
5,1912
7,1912
9,1912
2,1913
4,1913
5,1913
7,1913
9,1913
2,1914
4,1914
5,1914
7,1914
9,1914
11,1914
4,1915
5,1915
6,1915
9,1915
11,1915
2,1916
4,1916
5,1916
6,1916
12,1916
2,1917
4,1917
5,1917
6,1917
7,1917
9,1917
2,1918
4,1918
5,1918
6,1918
7,1918
9,1918
2,1919
4,1919
5,1919
9,1919
2,1920
4,1920
5,1920
7,1920
9,1920
4,1921
5,1921
7,1921
9,1921
1,1922
2,1922
4,1922
5,1922
9,1922
11,1922
5,1923
9,1923
5,1924
7,1924
2,1925
4,1925
5,1925
7,1925
9,1925
10,1925
12,1925
13,1925
2,1926
4,1926
5,1926
1,1927
2,1927
4,1927
5,1927
6,1927
7,1927
8,1927
9,1927
12,1927
1,1928
2,1928
4,1928
5,1928
6,1928
7,1928
8,1928
9,1928
12,1928
2,1929
4,1929
5,1929
6,1929
7,1929
8,1929
9,1929
11,1929
12,1929
2,1930
4,1930
5,1930
7,1930
9,1930
2,1931
4,1931
5,1931
7,1931
9,1931
2,1932
3,1932
4,1932
5,1932
6,1932
7,1932
9,1932
11,1932
12,1932
2,1933
4,1933
5,1933
7,1933
9,1933
2,1934
4,1934
5,1934
6,1934
7,1934
9,1934
11,1934
12,1934
2,1935
4,1935
5,1935
7,1935
9,1935
2,1936
4,1936
5,1936
7,1936
9,1936
2,1937
4,1937
5,1937
6,1937
7,1937
9,1937
11,1937
4,1938
5,1938
7,1938
9,1938
4,1939
5,1939
9,1939
2,1940
4,1940
5,1940
7,1940
9,1940
2,1941
4,1941
5,1941
7,1941
9,1941
2,1942
4,1942
5,1942
7,1942
9,1942
2,1943
4,1943
5,1943
7,1943
9,1943
11,1943
2,1944
4,1944
5,1944
7,1944
9,1944
2,1945
4,1945
5,1945
7,1945
9,1945
2,1946
4,1946
5,1946
7,1946
9,1946
2,1947
4,1947
5,1947
6,1947
7,1947
9,1947
12,1947
2,1948
4,1948
5,1948
7,1948
9,1948
2,1949
4,1949
5,1949
9,1949
4,1950
5,1950
7,1950
9,1950
2,1951
4,1951
5,1951
7,1951
9,1951
2,1952
4,1952
7,1952
9,1952
4,1953
5,1953
7,1953
9,1953
2,1954
4,1954
5,1954
7,1954
9,1954
2,1955
4,1955
7,1955
9,1955
4,1956
5,1956
7,1956
9,1956
4,1957
5,1957
7,1957
5,1958
7,1958
9,1958
2,1959
4,1959
5,1959
7,1959
9,1959
2,1960
4,1960
5,1960
7,1960
9,1960
4,1961
5,1961
7,1961
9,1961
2,1962
4,1962
5,1962
7,1962
9,1962
2,1963
4,1963
5,1963
7,1963
9,1963
5,1964
7,1964
4,1965
5,1965
7,1965
9,1965
1,1966
2,1966
4,1966
5,1966
7,1966
9,1966
2,1967
4,1967
7,1967
9,1967
2,1968
7,1968
9,1968
4,1969
5,1969
7,1969
4,1970
5,1970
6,1970
9,1970
2,1971
4,1971
5,1971
6,1971
7,1971
8,1971
9,1971
11,1971
12,1971
2,1972
4,1972
5,1972
7,1972
9,1972
11,1972
2,1973
4,1973
5,1973
6,1973
7,1973
8,1973
9,1973
11,1973
12,1973
4,1974
5,1974
9,1974
2,1975
4,1975
5,1975
6,1975
7,1975
9,1975
11,1975
2,1976
4,1976
5,1976
7,1976
9,1976
2,1977
4,1977
5,1977
7,1977
9,1977
2,1978
4,1978
5,1978
7,1978
9,1978
11,1978
2,1979
4,1979
5,1979
7,1979
9,1979
2,1980
4,1980
5,1980
6,1980
7,1980
9,1980
11,1980
2,1981
4,1981
5,1981
7,1981
9,1981
5,1982
4,1983
5,1983
9,1983
2,1984
4,1984
5,1984
7,1984
9,1984
2,1985
4,1985
5,1985
6,1985
7,1985
9,1985
11,1985
2,1986
4,1986
5,1986
7,1986
9,1986
11,1986
2,1987
4,1987
5,1987
6,1987
7,1987
8,1987
9,1987
11,1987
12,1987
4,1988
5,1988
9,1988
11,1988
4,1989
5,1989
9,1989
11,1989
4,1990
5,1990
7,1990
9,1990
11,1990
4,1991
7,1991
9,1991
4,1992
5,1992
6,1992
7,1992
9,1992
2,1993
4,1993
5,1993
6,1993
7,1993
8,1993
9,1993
12,1993
4,1994
5,1994
6,1994
7,1994
8,1994
9,1994
11,1994
2,1995
4,1995
5,1995
6,1995
7,1995
9,1995
4,1996
5,1996
6,1996
7,1996
9,1996
2,1997
4,1997
5,1997
6,1997
7,1997
9,1997
2,1998
4,1998
5,1998
7,1998
8,1998
9,1998
2,1999
4,1999
5,1999
6,1999
7,1999
8,1999
9,1999
11,1999
2,2000
4,2000
5,2000
7,2000
9,2000
2,2001
4,2001
5,2001
7,2001
9,2001
2,2002
4,2002
5,2002
7,2002
9,2002
2,2003
4,2003
5,2003
7,2003
9,2003
2,2004
4,2004
5,2004
6,2004
7,2004
9,2004
11,2004
12,2004
2,2005
4,2005
5,2005
7,2005
9,2005
1,2006
2,2006
4,2006
5,2006
7,2006
9,2006
2,2007
4,2007
5,2007
9,2007
2,2008
4,2008
5,2008
9,2008
11,2008
2,2009
4,2009
5,2009
7,2009
9,2009
4,2010
5,2010
7,2010
9,2010
4,2011
9,2011
2,2013
4,2013
5,2013
7,2013
9,2013
12,2013
14,2013
2,2014
4,2014
7,2014
9,2014
15,2015
2,2016
4,2016
5,2016
7,2016
9,2016
2,2017
4,2017
5,2017
6,2017
7,2017
8,2017
9,2017
10,2017
11,2017
12,2017
2,2018
4,2018
5,2018
7,2018
9,2018
2,2019
4,2019
5,2019
6,2019
7,2019
9,2019
1,2020
2,2020
4,2020
5,2020
7,2020
9,2020
4,2021
5,2021
6,2021
7,2021
9,2021
2,2022
4,2022
5,2022
7,2022
9,2022
2,2023
4,2023
7,2023
9,2023
2,2024
4,2024
5,2024
7,2024
9,2024
2,2025
4,2025
7,2025
9,2025
2,2026
4,2026
5,2026
7,2026
9,2026
11,2026
2,2027
4,2027
5,2027
7,2027
9,2027
4,2028
5,2028
7,2028